DROP DATABASE IF EXISTS fcup_bd;
CREATE DATABASE fcup_bd;
USE fcup_bd;
-- MySQL dump 10.13  Distrib 8.0.23, for Win64 (x86_64)
--
-- Host: 127.0.0.1    Database: fcup_bd
-- ------------------------------------------------------
-- Server version	8.0.23

/*!40101 SET @OLD_CHARACTER_SET_CLIENT=@@CHARACTER_SET_CLIENT */;
/*!40101 SET @OLD_CHARACTER_SET_RESULTS=@@CHARACTER_SET_RESULTS */;
/*!40101 SET @OLD_COLLATION_CONNECTION=@@COLLATION_CONNECTION */;
/*!50503 SET NAMES utf8mb4 */;
/*!40103 SET @OLD_TIME_ZONE=@@TIME_ZONE */;
/*!40103 SET TIME_ZONE='+00:00' */;
/*!40014 SET @OLD_UNIQUE_CHECKS=@@UNIQUE_CHECKS, UNIQUE_CHECKS=0 */;
/*!40014 SET @OLD_FOREIGN_KEY_CHECKS=@@FOREIGN_KEY_CHECKS, FOREIGN_KEY_CHECKS=0 */;
/*!40101 SET @OLD_SQL_MODE=@@SQL_MODE, SQL_MODE='NO_AUTO_VALUE_ON_ZERO' */;
/*!40111 SET @OLD_SQL_NOTES=@@SQL_NOTES, SQL_NOTES=0 */;

--
-- Table structure for table `address`
--

DROP TABLE IF EXISTS `address`;
/*!40101 SET @saved_cs_client     = @@character_set_client */;
/*!50503 SET character_set_client = utf8mb4 */;
CREATE TABLE `address` (
  `AddressId` int NOT NULL AUTO_INCREMENT,
  `Street` varchar(64) NOT NULL,
  `Floor` varchar(6) DEFAULT NULL,
  `PostCode` varchar(15) NOT NULL,
  PRIMARY KEY (`AddressId`)
) ENGINE=InnoDB AUTO_INCREMENT=23 DEFAULT CHARSET=utf8mb4 COLLATE=utf8mb4_0900_ai_ci;
/*!40101 SET character_set_client = @saved_cs_client */;

--
-- Dumping data for table `address`
--

LOCK TABLES `address` WRITE;
/*!40000 ALTER TABLE `address` DISABLE KEYS */;
INSERT INTO `address` VALUES (1,'578 Loeprich Terrace','5','748'),(2,'22 Eastlawn Place','3','9608'),(3,'1762 School Trail','4','5609'),(4,'785 Buena Vista Avenue','5','84015'),(5,'15148 Jay Place','6','1114'),(6,'757 Chive Court','7','9273'),(7,'3 Barnett Trail','2','8443'),(8,'6678 Luster Circle',NULL,'560'),(9,'1 Pankratz Drive',NULL,'2802'),(10,'63 Kensington Road',NULL,'77474'),(11,'13768 4th Circle',NULL,'7209'),(12,'397 Clemons Lane',NULL,'8604'),(13,'17 Merchant Street',NULL,'56372'),(14,'4 Dunning Point',NULL,'32309'),(15,'826 Eastlawn Street',NULL,'33487'),(16,'46 Bartillon Crossing',NULL,'312-0063'),(17,'9981 Veith Place',NULL,'22270'),(18,'877 Garrison Circle',NULL,'8214'),(19,'43075 Dorton Trail',NULL,'21000'),(20,'8443 Vahlen Circle',NULL,'5609'),(21,'909 Eagan Place',NULL,'70301'),(22,'353 Hallows Parkway',NULL,'5609');
/*!40000 ALTER TABLE `address` ENABLE KEYS */;
UNLOCK TABLES;

--
-- Table structure for table `anime`
--

DROP TABLE IF EXISTS `anime`;
/*!40101 SET @saved_cs_client     = @@character_set_client */;
/*!50503 SET character_set_client = utf8mb4 */;
CREATE TABLE `anime` (
  `AnimeId` int NOT NULL AUTO_INCREMENT,
  `Name` varchar(64) NOT NULL,
  `StartDate` date NOT NULL,
  `FinishedDate` date DEFAULT NULL,
  `NumEpisodes` int NOT NULL,
  `Rating` float DEFAULT NULL,
  `SourceId` int NOT NULL,
  `StudioId` int NOT NULL,
  PRIMARY KEY (`AnimeId`),
  UNIQUE KEY `Name` (`Name`),
  KEY `StudioId` (`StudioId`),
  KEY `SourceId` (`SourceId`),
  CONSTRAINT `anime_ibfk_1` FOREIGN KEY (`StudioId`) REFERENCES `studio` (`StudioId`) ON DELETE CASCADE ON UPDATE CASCADE,
  CONSTRAINT `anime_ibfk_2` FOREIGN KEY (`SourceId`) REFERENCES `source` (`SourceId`) ON DELETE CASCADE ON UPDATE CASCADE
) ENGINE=InnoDB AUTO_INCREMENT=64 DEFAULT CHARSET=utf8mb4 COLLATE=utf8mb4_0900_ai_ci;
/*!40101 SET character_set_client = @saved_cs_client */;

--
-- Dumping data for table `anime`
--

LOCK TABLES `anime` WRITE;
/*!40000 ALTER TABLE `anime` DISABLE KEYS */;
INSERT INTO `anime` VALUES (1,'Inu x Boku SS','2012-01-13','2012-03-30',12,4,1,1),(2,'Seto no Hanayome','2007-04-02','2007-10-01',26,6,2,2),(3,'Shugo Chara!! Doki','2008-10-04','2009-09-25',51,4,3,3),(4,'Princess Tutu','2002-06-16','2003-05-23',38,5,4,4),(5,'Bakuman. 3rd Season','2012-10-06','2013-03-30',25,5,5,5),(6,'Initial D First Stage','1998-04-19','1998-12-06',26,5,6,6),(7,'Ultra Maniac','2003-05-20','2003-11-11',26,4,7,7),(8,'Shakugan no Shana II','2007-10-05','2008-03-28',24,6,8,5),(9,'Nodame Cantabile: Paris-hen','2008-10-10','2008-12-19',11,5,9,5),(10,'Ouran Koukou Host Club','2006-04-05','2006-09-27',26,5,10,8),(11,'Junjou Romantica 2','2008-10-12','2008-12-26',12,4,11,9),(12,'Kaichou wa Maid-sama!','2010-04-02','2019-09-24',26,4,12,5),(13,'Tonari no Kaibutsu-kun','2012-10-02','2012-12-25',13,5,13,10),(14,'Bleach','2004-10-05','2012-03-27',366,4,14,11),(15,'Chobits','2002-04-03','2002-09-25',26,5,15,12),(16,'Kimi ni Todoke','2009-10-07','2010-03-31',25,3,16,13),(17,'Naruto: Shippuuden','2007-02-15','2017-03-23',500,6,17,11),(18,'Ranma','1989-04-15','1992-09-25',161,6,18,9),(19,'Toradora!','2008-10-02','2009-03-26',25,3,19,5),(20,'Bakuman. 2nd Season','2011-10-01','2012-03-24',25,4,20,5),(21,'Gakuen Alice','2004-10-30','2005-05-14',26,5,21,14),(22,'Skip Beat!','2008-10-06','2009-03-30',25,4,22,4),(23,'Chihayafuru 2','2013-01-12','2013-06-29',25,5,23,12),(24,'Shounen Onmyouji','2006-10-03','2007-03-13',26,4,24,9),(25,'Chihayafuru','2011-10-05','2012-03-28',25,5,25,12),(26,'Itazura na Kiss','2008-04-05','2008-09-25',25,6,26,15),(27,'Beelzebub','2011-01-09','2012-03-25',60,4,27,16),(28,'Hanasakeru Seishounen','2009-04-05','2010-02-14',39,5,28,11),(29,'SKET Dance','2011-04-07','2012-09-27',77,4,29,17),(30,'Fruits Basket','2001-11-05','2001-12-27',26,5,30,18),(31,'Saiunkoku Monogatari','2006-04-08','2007-02-24',39,5,31,12),(32,'One Piece','1999-10-20',NULL,968,4,32,19),(33,'Glass no Kamen (2005)','2005-04-06','2006-03-29',51,6,33,20),(34,'Air Gear','2006-04-05','2006-09-27',25,4,34,19),(35,'Saiunkoku Monogatari 2nd Season','2007-04-07','2008-03-08',39,6,35,12),(36,'InuYasha','2000-10-16','2004-09-13',167,4,36,21),(37,'Chu-Bra!!','2010-01-04','2010-03-22',12,5,37,22),(38,'Nodame Cantabile Finale','2010-01-15','2010-03-26',11,4,38,5),(39,'Ghost Hunt','2006-10-04','2007-03-28',25,3,39,5),(40,'Accel World','2012-04-07','2012-09-22',24,4,40,21),(41,'Bakuman.','2010-10-02','2011-04-02',25,4,41,5),(42,'Nodame Cantabile','2007-01-12','2007-06-15',23,7,42,5),(43,'Kamisama Hajimemashita','2012-10-02','2012-12-25',13,5,43,15),(44,'Cardcaptor Sakura','1998-04-07','2000-03-21',70,5,44,12),(45,'Daa! Daa! Daa!','2000-03-28','2002-02-26',78,3,45,5),(46,'Kimi ni Todoke 2nd Season','2011-01-12','2011-03-30',12,5,46,13),(47,'Code-E','2007-11-04','2007-09-19',12,6,47,9),(48,'Junjou Romantica','2008-04-11','2008-06-27',12,5,48,9),(49,'D.Gray-man Hallow','2016-07-05','2016-09-27',13,5,49,15),(50,'Gasshin Sentai Mechander Robo','1977-03-03','1977-12-29',35,0,50,21),(51,'The Rising of the Shield Hero Season 2','2021-10-22',NULL,24,NULL,51,23);
/*!40000 ALTER TABLE `anime` ENABLE KEYS */;
UNLOCK TABLES;

--
-- Table structure for table `completed`
--

DROP TABLE IF EXISTS `completed`;
/*!40101 SET @saved_cs_client     = @@character_set_client */;
/*!50503 SET character_set_client = utf8mb4 */;
CREATE TABLE `completed` (
  `UserId` int NOT NULL,
  `AnimeId` int NOT NULL,
  PRIMARY KEY (`UserId`,`AnimeId`),
  KEY `AnimeId` (`AnimeId`),
  CONSTRAINT `completed_ibfk_1` FOREIGN KEY (`UserId`) REFERENCES `user` (`UserId`) ON DELETE CASCADE ON UPDATE CASCADE,
  CONSTRAINT `completed_ibfk_2` FOREIGN KEY (`AnimeId`) REFERENCES `anime` (`AnimeId`) ON DELETE CASCADE ON UPDATE CASCADE
) ENGINE=InnoDB DEFAULT CHARSET=utf8mb4 COLLATE=utf8mb4_0900_ai_ci;
/*!40101 SET character_set_client = @saved_cs_client */;

--
-- Dumping data for table `completed`
--

LOCK TABLES `completed` WRITE;
/*!40000 ALTER TABLE `completed` DISABLE KEYS */;
INSERT INTO `completed` VALUES (9,1),(10,1),(12,1),(14,1),(20,1),(21,1),(33,1),(37,1),(38,1),(42,1),(49,1),(70,1),(88,1),(8,2),(14,2),(15,2),(23,2),(27,2),(29,2),(33,2),(39,2),(40,2),(44,2),(53,2),(59,2),(61,2),(62,2),(65,2),(69,2),(70,2),(71,2),(72,2),(73,2),(80,2),(82,2),(90,2),(94,2),(98,2),(2,3),(5,3),(8,3),(19,3),(45,3),(47,3),(67,3),(68,3),(77,3),(78,3),(85,3),(87,3),(90,3),(100,3),(4,4),(5,4),(6,4),(11,4),(19,4),(23,4),(26,4),(32,4),(35,4),(44,4),(47,4),(50,4),(56,4),(57,4),(65,4),(66,4),(69,4),(87,4),(92,4),(97,4),(2,5),(5,5),(6,5),(9,5),(12,5),(20,5),(25,5),(57,5),(63,5),(73,5),(80,5),(84,5),(91,5),(2,6),(9,6),(17,6),(21,6),(22,6),(24,6),(38,6),(42,6),(70,6),(71,6),(75,6),(76,6),(91,6),(22,7),(24,7),(30,7),(37,7),(50,7),(65,7),(86,7),(89,7),(92,7),(43,8),(58,8),(64,8),(76,8),(93,8),(95,8),(3,9),(7,9),(25,9),(27,9),(34,9),(50,9),(77,9),(84,9),(86,9),(88,9),(93,9),(15,11),(17,11),(31,11),(52,11),(58,11),(61,11),(69,11),(80,11),(85,11),(99,11),(10,12),(19,12),(31,12),(34,12),(44,12),(51,12),(54,12),(57,12),(67,12),(86,12),(91,12),(2,13),(4,13),(16,13),(23,13),(27,13),(41,13),(49,13),(53,13),(68,13),(69,13),(74,13),(79,13),(84,13),(93,13),(94,13),(97,13),(1,14),(19,14),(21,14),(31,14),(53,14),(59,14),(65,14),(99,14),(5,15),(9,15),(12,15),(18,15),(35,15),(37,15),(47,15),(53,15),(59,15),(68,15),(73,15),(4,16),(16,16),(18,16),(30,16),(54,16),(56,16),(67,16),(76,16),(87,16),(91,16),(93,16),(28,17),(29,17),(33,17),(42,17),(48,17),(63,17),(98,17),(99,17),(100,17),(11,18),(12,18),(18,18),(26,18),(37,18),(38,18),(40,18),(46,18),(57,18),(72,18),(88,18),(95,18),(1,19),(4,19),(17,19),(26,19),(62,19),(79,19),(81,19),(83,19),(84,19),(95,19),(6,21),(10,21),(18,21),(41,21),(54,21),(70,21),(71,21),(74,21),(77,21),(78,21),(83,21),(17,22),(19,22),(26,22),(43,22),(73,22),(82,22),(2,23),(7,23),(11,23),(16,23),(32,23),(35,23),(67,23),(69,23),(85,23),(96,23),(6,24),(13,24),(15,24),(33,24),(34,24),(39,24),(43,24),(47,24),(51,24),(52,24),(77,24),(81,24),(91,24),(94,24),(29,25),(30,25),(80,25),(83,25),(96,25),(3,26),(6,26),(31,26),(42,26),(46,26),(56,26),(63,26),(68,26),(82,26),(99,26),(1,27),(11,27),(13,27),(18,27),(26,27),(52,27),(55,27),(62,27),(63,27),(66,27),(75,27),(83,27),(85,27),(98,27),(4,28),(7,28),(20,28),(28,28),(29,28),(41,28),(43,28),(51,28),(60,28),(66,28),(72,28),(85,28),(99,28),(3,29),(14,29),(15,29),(24,29),(25,29),(30,29),(36,29),(45,29),(48,29),(59,29),(61,29),(64,29),(78,29),(80,29),(89,29),(92,29),(96,29),(98,29),(10,31),(16,31),(17,31),(22,31),(27,31),(48,31),(52,31),(71,31),(87,31),(90,31),(94,31),(96,31),(3,32),(14,32),(22,32),(34,32),(52,32),(54,32),(62,32),(79,32),(82,32),(95,32),(97,32),(100,32),(5,33),(10,33),(24,33),(39,33),(40,33),(46,33),(49,33),(51,33),(81,33),(89,33),(3,34),(21,34),(38,34),(41,34),(44,34),(46,34),(57,34),(75,34),(77,34),(93,34),(95,34),(25,35),(28,35),(37,35),(45,35),(55,35),(60,35),(65,35),(66,35),(71,35),(74,35),(75,35),(9,36),(24,36),(45,36),(49,36),(58,36),(67,36),(72,36),(73,36),(92,36),(1,37),(13,37),(22,37),(31,37),(35,37),(36,37),(58,37),(62,37),(64,37),(74,37),(76,37),(78,37),(89,37),(97,37),(100,37),(36,38),(38,38),(53,38),(60,38),(64,38),(70,38),(1,39),(12,39),(13,39),(48,39),(55,39),(59,39),(74,39),(75,39),(81,39),(82,39),(98,39),(7,41),(20,41),(45,41),(61,41),(78,41),(84,41),(90,41),(92,41),(16,42),(20,42),(58,42),(66,42),(13,43),(30,43),(39,43),(40,43),(42,43),(61,43),(63,43),(83,43),(8,44),(21,44),(23,44),(28,44),(32,44),(43,44),(49,44),(54,44),(79,44),(89,44),(11,45),(39,45),(40,45),(48,45),(27,46),(32,46),(33,46),(36,46),(41,46),(44,46),(50,46),(60,46),(79,46),(87,46),(90,46),(97,46),(100,46),(14,47),(28,47),(34,47),(35,47),(36,47),(55,47),(72,47),(76,47),(81,47),(86,47),(94,47),(96,47),(7,48),(8,48),(23,48),(29,48),(55,48),(56,48),(60,48),(64,48),(68,48),(88,48),(25,49),(32,49),(46,49),(51,49),(56,49),(86,49),(88,49);
/*!40000 ALTER TABLE `completed` ENABLE KEYS */;
UNLOCK TABLES;

--
-- Table structure for table `creator`
--

DROP TABLE IF EXISTS `creator`;
/*!40101 SET @saved_cs_client     = @@character_set_client */;
/*!50503 SET character_set_client = utf8mb4 */;
CREATE TABLE `creator` (
  `Name` varchar(64) NOT NULL,
  `SourceId` int NOT NULL,
  PRIMARY KEY (`Name`,`SourceId`),
  KEY `SourceId` (`SourceId`),
  CONSTRAINT `creator_ibfk_1` FOREIGN KEY (`SourceId`) REFERENCES `source` (`SourceId`)
) ENGINE=InnoDB DEFAULT CHARSET=utf8mb4 COLLATE=utf8mb4_0900_ai_ci;
/*!40101 SET character_set_client = @saved_cs_client */;

--
-- Dumping data for table `creator`
--

LOCK TABLES `creator` WRITE;
/*!40000 ALTER TABLE `creator` DISABLE KEYS */;
INSERT INTO `creator` VALUES ('Takashi Nakada',1),('Shinji Kawashima',2),('Hajime Masuko',3),('Masao Masaki',4),('Katsunori Kuroyanagi',5),('Hiroshi Yokozawa',6),('Shuichiro Urushihara',7),('Kozo Kuboi',8),('Naoki Hiroe',9),('Tad?ki Ishikuro',10),('Taishi Kurashina',11),('Koichiro Ichinomiya',12),('Tadashi Terado',13),('Toshiyuki Idei',14),('Fumiya Kaito',15),('Masahiro Yamachi',16),('Masahiro Makishima',17),('Kan Kaino',18),('Shuzo Kadokawa',19),('Shuzo Eikawa',20),('Kosuke Kaneko',21),('Michitaka Otomi',22),('Kimiaki Kiho',23),('Keigo Ishine',24),('Toshihiro Saba',25),('Yoshihiro Sakka',26),('Kaichi Kanaji',27),('Hiroshi Kamiryo',28),('Motohiko Umesawa',29),('Yoichi Tateshima',30),('Hiroto Shoda',31),('Inouye Hisashi',32),('Nishimura Yoshifumi',33),('Uno Yoichi',34),('Mayeda Sotaro',35),('Asari Orinosuke',36),('Fujii Yoshimasa',37),('Ban Koyo',38),('Yoshitaka Koichi',39),('Isayama Kotaro ',40),('Tokuda Nichiren',41),('Ishibashi Fumihiro',42),('Yodogawa Kanko',43),('Chigusa Yutaka',44),('Ozaki Ichiro',45),('Usui Tsuramatsu',46),('Yoshiyuki Kazu',47),('Kobashigawa Sharaku',48),('Konya Soichiro',49),('Kaga Tabito ',50);
/*!40000 ALTER TABLE `creator` ENABLE KEYS */;
UNLOCK TABLES;

--
-- Table structure for table `employes`
--

DROP TABLE IF EXISTS `employes`;
/*!40101 SET @saved_cs_client     = @@character_set_client */;
/*!50503 SET character_set_client = utf8mb4 */;
CREATE TABLE `employes` (
  `StudioId` int NOT NULL,
  `VoiceActorId` int NOT NULL,
  `Wage` int NOT NULL,
  PRIMARY KEY (`StudioId`,`VoiceActorId`),
  KEY `VoiceActorId` (`VoiceActorId`),
  CONSTRAINT `employes_ibfk_1` FOREIGN KEY (`StudioId`) REFERENCES `studio` (`StudioId`) ON DELETE CASCADE ON UPDATE CASCADE,
  CONSTRAINT `employes_ibfk_2` FOREIGN KEY (`VoiceActorId`) REFERENCES `voice_actor` (`VoiceActorId`) ON DELETE CASCADE ON UPDATE CASCADE
) ENGINE=InnoDB DEFAULT CHARSET=utf8mb4 COLLATE=utf8mb4_0900_ai_ci;
/*!40101 SET character_set_client = @saved_cs_client */;

--
-- Dumping data for table `employes`
--

LOCK TABLES `employes` WRITE;
/*!40000 ALTER TABLE `employes` DISABLE KEYS */;
INSERT INTO `employes` VALUES (2018,17,6),(2104,19,29),(2121,5,4),(2168,11,23),(2277,9,1),(2304,11,56),(2309,12,37),(2319,18,58),(2332,10,24),(2337,9,6),(2353,5,23),(2368,18,31),(2398,21,1),(2402,13,4),(2407,11,9),(2427,10,7),(2440,5,55),(2443,5,17),(2455,5,1),(2468,13,22),(2506,19,34),(2513,16,1),(2542,12,58),(2612,5,31),(2690,5,7),(2719,4,47),(2724,15,57),(2745,21,37),(2776,9,7),(2785,4,9),(2813,11,31),(2828,10,34),(2894,17,5),(2921,9,46),(2950,11,40),(3016,5,31),(3025,5,32),(3081,5,22),(3115,12,28),(3139,5,9),(3141,15,28),(3229,2,9),(3236,19,30),(3284,9,28),(3292,12,1),(3302,21,14),(3398,19,25),(3423,11,32),(3436,3,9),(3464,15,28),(3476,20,24),(3495,12,46),(3521,7,17),(3634,21,36),(3641,15,25),(3649,5,33),(3723,5,49),(4022,5,5),(4033,15,58),(4041,1,3),(4103,12,26),(4153,1,4),(4167,4,52),(4168,9,30),(4188,9,26),(4199,9,11),(4212,5,24),(4245,15,29),(4281,21,17),(4313,9,1),(4377,13,1),(4403,9,4),(4408,12,56),(4422,19,34),(4462,4,22),(4511,19,28),(4551,11,42),(4658,12,1),(4688,5,17),(4745,21,4),(4754,13,24),(4923,15,28),(4926,21,10),(4939,5,51),(4956,5,4),(4984,13,38),(4987,5,50),(5008,12,42),(5052,15,31),(5089,11,4),(5105,5,31),(5174,1,2),(5219,3,10),(5225,21,13),(5243,2,1),(5262,15,46),(5317,5,25),(5346,9,25),(5371,8,1),(5382,18,28),(5392,9,57),(5392,12,57),(5415,12,4),(5427,8,10),(5444,19,24),(5480,3,11),(5524,12,43),(5550,14,56),(5602,9,44),(5631,6,20),(5633,6,18),(5651,5,6),(5652,4,23),(5660,22,21),(5671,7,21),(5715,5,51),(5808,9,5),(5823,16,12),(5832,15,45),(5855,13,4),(5912,5,14),(5922,14,59),(6005,5,22),(6028,14,58),(6056,6,17),(6078,5,52),(6086,15,22),(6106,17,4),(6115,5,8),(6170,6,19),(6204,2,6),(6214,4,31),(6238,5,13),(6279,5,34),(6287,5,10),(6311,12,22),(6397,18,22),(6410,19,35),(6419,1,5),(6465,11,54),(6532,13,25),(6613,9,37),(6628,15,30),(6639,9,29),(6720,2,7),(6750,4,1),(6758,5,37),(6771,8,5),(6788,11,41),(6789,9,12),(6792,5,53),(6827,21,1),(6954,20,8),(6956,12,59),(7030,3,1),(7064,11,16),(7068,11,43),(7073,5,21),(7122,12,58),(7128,12,22),(7149,10,15),(7271,19,28),(7338,20,4),(7374,20,4),(7380,8,2),(7399,5,16),(7413,12,22),(7452,12,44),(7455,9,28),(7474,22,22),(7501,5,58),(7532,9,37),(7546,5,13),(7574,15,47),(7581,5,15),(7674,4,7),(7695,6,21),(7748,9,27),(7767,12,24),(7775,21,36),(7820,10,3),(7827,5,46),(7863,13,8),(7919,5,52),(7943,12,57),(7996,19,33),(8140,12,29),(8140,16,11),(8201,15,9),(8224,21,37),(8268,12,45),(8280,9,1),(8297,12,55),(8298,16,9),(8320,22,17),(8372,9,45),(8463,7,10),(8491,1,1),(8553,5,10),(8590,12,54),(8652,18,59),(8685,11,55),(8713,14,57),(8720,21,9),(8722,17,7),(8747,17,1),(8797,5,4),(8833,7,7),(8838,5,59),(8868,16,3),(8876,12,27),(8885,21,15),(8927,5,11),(8947,5,54),(8997,9,47),(9180,13,36),(9185,7,4),(9243,5,22),(9292,5,37),(9305,22,4),(9326,9,48),(9329,8,20),(9362,5,23),(9378,5,57),(9384,11,39),(9387,5,37),(9407,13,37),(9410,5,36),(9480,2,8),(9510,11,8),(9523,15,27),(9594,12,28),(9620,9,36),(9634,5,53),(9646,12,22),(9646,21,25),(9674,12,22),(9702,5,35),(9706,21,28),(9802,20,16),(9845,22,23),(9860,14,22),(9861,5,23),(9899,5,31),(9903,3,12),(9908,12,57),(9921,4,3),(9981,4,4);
/*!40000 ALTER TABLE `employes` ENABLE KEYS */;
UNLOCK TABLES;

--
-- Table structure for table `episode`
--

DROP TABLE IF EXISTS `episode`;
/*!40101 SET @saved_cs_client     = @@character_set_client */;
/*!50503 SET character_set_client = utf8mb4 */;
CREATE TABLE `episode` (
  `AnimeId` int NOT NULL,
  `Number` int NOT NULL,
  `DURATION` int NOT NULL,
  PRIMARY KEY (`AnimeId`,`Number`),
  CONSTRAINT `episode_ibfk_1` FOREIGN KEY (`AnimeId`) REFERENCES `anime` (`AnimeId`) ON DELETE CASCADE ON UPDATE CASCADE
) ENGINE=InnoDB DEFAULT CHARSET=utf8mb4 COLLATE=utf8mb4_0900_ai_ci;
/*!40101 SET character_set_client = @saved_cs_client */;

--
-- Dumping data for table `episode`
--

LOCK TABLES `episode` WRITE;
/*!40000 ALTER TABLE `episode` DISABLE KEYS */;
INSERT INTO `episode` VALUES (1,1,24),(1,2,24),(1,3,24),(1,4,24),(1,5,24),(1,6,24),(1,7,24),(1,8,24),(1,9,24),(1,10,24),(1,11,24),(1,12,24),(2,1,24),(2,2,20),(2,3,24),(2,4,24),(2,5,24),(2,6,24),(2,7,24),(2,8,24),(2,9,24),(2,10,24),(2,11,24),(2,12,24),(2,13,24),(2,14,24),(2,15,24),(2,16,24),(2,17,24),(2,18,24),(2,19,24),(2,20,24),(2,21,24),(2,22,24),(2,23,24),(2,24,24),(2,25,24),(2,26,24),(3,1,24),(3,2,24),(3,3,24),(3,4,24),(3,5,24),(3,6,24),(3,7,24),(3,8,24),(3,9,24),(3,10,24),(3,11,24),(3,12,24),(3,13,24),(3,14,24),(3,15,24),(3,16,24),(3,17,24),(3,18,24),(3,19,24),(3,20,24),(3,21,24),(3,22,24),(3,23,24),(3,24,24),(3,25,24),(3,26,24),(3,27,24),(3,28,24),(3,29,24),(3,30,24),(3,31,24),(3,32,24),(3,33,24),(3,34,24),(3,35,24),(3,36,24),(3,37,24),(3,38,24),(3,39,24),(3,40,24),(3,41,24),(3,42,24),(3,43,24),(3,44,24),(3,45,24),(3,46,24),(3,47,24),(3,48,24),(3,49,24),(3,50,24),(3,51,24),(4,1,16),(4,2,16),(4,3,16),(4,4,16),(4,5,16),(4,6,16),(4,7,16),(4,8,16),(4,9,16),(4,10,16),(4,11,16),(4,12,16),(4,13,16),(4,14,16),(4,15,16),(4,16,16),(4,17,16),(4,18,16),(4,19,16),(4,20,16),(4,21,16),(4,22,16),(4,23,16),(4,24,16),(4,25,16),(4,26,16),(4,27,16),(4,28,16),(4,29,16),(4,30,16),(4,31,16),(4,32,16),(4,33,16),(4,34,16),(4,35,16),(4,36,16),(4,37,16),(4,38,16),(5,1,24),(5,2,24),(5,3,24),(5,4,24),(5,5,24),(5,6,24),(5,7,24),(5,8,24),(5,9,24),(5,10,24),(5,11,24),(5,12,24),(5,13,24),(5,14,24),(5,15,24),(5,16,24),(5,17,24),(5,18,24),(5,19,24),(5,20,24),(5,21,24),(5,22,24),(5,23,24),(5,24,24),(5,25,24),(6,1,25),(6,2,25),(6,3,25),(6,4,25),(6,5,25),(6,6,25),(6,7,25),(6,8,25),(6,9,25),(6,10,25),(6,11,25),(6,12,25),(6,13,25),(6,14,25),(6,15,25),(6,16,25),(6,17,25),(6,18,25),(6,19,25),(6,20,25),(6,21,25),(6,22,25),(6,23,25),(6,24,25),(6,25,25),(6,26,25),(7,1,24),(7,2,24),(7,3,24),(7,4,24),(7,5,24),(7,6,24),(7,7,24),(7,8,24),(7,9,24),(7,10,24),(7,11,24),(7,12,24),(7,13,24),(7,14,24),(7,15,24),(7,16,24),(7,17,24),(7,18,24),(7,19,24),(7,20,24),(7,21,24),(7,22,24),(7,23,24),(7,24,24),(7,25,24),(7,26,24),(8,1,24),(8,2,24),(8,3,24),(8,4,24),(8,5,24),(8,6,24),(8,7,24),(8,8,24),(8,9,24),(8,10,24),(8,11,24),(8,12,24),(8,13,24),(8,14,24),(8,15,24),(8,16,24),(8,17,24),(8,18,24),(8,19,24),(8,20,24),(8,21,24),(8,22,24),(8,23,24),(8,24,24),(9,1,23),(9,2,23),(9,3,23),(9,4,23),(9,5,23),(9,6,23),(9,7,23),(9,8,23),(9,9,23),(9,10,23),(9,11,23),(10,1,23),(10,2,23),(10,3,23),(10,4,23),(10,5,23),(10,6,23),(10,7,23),(10,8,23),(10,9,23),(10,10,23),(10,11,23),(10,12,23),(10,13,23),(10,14,23),(10,15,23),(10,16,23),(10,17,23),(10,18,23),(10,19,23),(10,20,23),(10,21,23),(10,22,23),(10,23,23),(10,24,23),(10,25,23),(10,26,23),(11,1,24),(11,2,24),(11,3,24),(11,4,24),(11,5,24),(11,6,24),(11,7,24),(11,8,24),(11,9,24),(11,10,24),(11,11,24),(11,12,24),(12,1,24),(12,2,24),(12,3,24),(12,4,24),(12,5,24),(12,6,24),(12,7,24),(12,8,24),(12,9,24),(12,10,24),(12,11,24),(12,12,24),(12,13,24),(12,14,24),(12,15,24),(12,16,24),(12,17,24),(12,18,24),(12,19,24),(12,20,24),(12,21,24),(12,22,24),(12,23,24),(12,24,24),(12,25,24),(12,26,24),(13,1,24),(13,2,24),(13,3,24),(13,4,24),(13,5,24),(13,6,24),(13,7,24),(13,8,24),(13,9,24),(13,10,24),(13,11,24),(13,12,24),(13,13,24),(14,1,24),(14,2,24),(14,3,24),(14,4,24),(14,5,24),(14,6,24),(14,7,24),(14,8,24),(14,9,24),(14,10,24),(14,11,24),(14,12,24),(14,13,24),(14,14,24),(14,15,24),(14,16,24),(14,17,24),(14,18,24),(14,19,24),(14,20,24),(14,21,24),(14,22,24),(14,23,24),(14,24,24),(14,25,24),(14,26,24),(14,27,24),(14,28,24),(14,29,24),(14,30,24),(14,31,24),(14,32,24),(14,33,24),(14,34,24),(14,35,24),(14,36,24),(14,37,24),(14,38,24),(14,39,24),(14,40,24),(14,41,24),(14,42,24),(14,43,24),(14,44,24),(14,45,24),(14,46,24),(14,47,24),(14,48,24),(14,49,24),(14,50,24),(14,51,24),(14,52,24),(14,53,24),(14,54,24),(14,55,24),(14,56,24),(14,57,24),(14,58,24),(14,59,24),(14,60,24),(14,61,24),(14,62,24),(14,63,24),(14,64,24),(14,65,24),(14,66,24),(14,67,24),(14,68,24),(14,69,24),(14,70,24),(14,71,24),(14,72,24),(14,73,24),(14,74,24),(14,75,24),(14,76,24),(14,77,24),(14,78,24),(14,79,24),(14,80,24),(14,81,24),(14,82,24),(14,83,24),(14,84,24),(14,85,24),(14,86,24),(14,87,24),(14,88,24),(14,89,24),(14,90,24),(14,91,24),(14,92,24),(14,93,24),(14,94,24),(14,95,24),(14,96,24),(14,97,24),(14,98,24),(14,99,24),(14,100,24),(14,101,24),(14,102,24),(14,103,24),(14,104,24),(14,105,24),(14,106,24),(14,107,24),(14,108,24),(14,109,24),(14,110,24),(14,111,24),(14,112,24),(14,113,24),(14,114,24),(14,115,24),(14,116,24),(14,117,24),(14,118,24),(14,119,24),(14,120,24),(14,121,24),(14,122,24),(14,123,24),(14,124,24),(14,125,24),(14,126,24),(14,127,24),(14,128,24),(14,129,24),(14,130,24),(14,131,24),(14,132,24),(14,133,24),(14,134,24),(14,135,24),(14,136,24),(14,137,24),(14,138,24),(14,139,24),(14,140,24),(14,141,24),(14,142,24),(14,143,24),(14,144,24),(14,145,24),(14,146,24),(14,147,24),(14,148,24),(14,149,24),(14,150,24),(14,151,24),(14,152,24),(14,153,24),(14,154,24),(14,155,24),(14,156,24),(14,157,24),(14,158,24),(14,159,24),(14,160,24),(14,161,24),(14,162,24),(14,163,24),(14,164,24),(14,165,24),(14,166,24),(14,167,24),(14,168,24),(14,169,24),(14,170,24),(14,171,24),(14,172,24),(14,173,24),(14,174,24),(14,175,24),(14,176,24),(14,177,24),(14,178,24),(14,179,24),(14,180,24),(14,181,24),(14,182,24),(14,183,24),(14,184,24),(14,185,24),(14,186,24),(14,187,24),(14,188,24),(14,189,24),(14,190,24),(14,191,24),(14,192,24),(14,193,24),(14,194,24),(14,195,24),(14,196,24),(14,197,24),(14,198,24),(14,199,24),(14,200,24),(14,201,24),(14,202,24),(14,203,24),(14,204,24),(14,205,24),(14,206,24),(14,207,24),(14,208,24),(14,209,24),(14,210,24),(14,211,24),(14,212,24),(14,213,24),(14,214,24),(14,215,24),(14,216,24),(14,217,24),(14,218,24),(14,219,24),(14,220,24),(14,221,24),(14,222,24),(14,223,24),(14,224,24),(14,225,24),(14,226,24),(14,227,24),(14,228,24),(14,229,24),(14,230,24),(14,231,24),(14,232,24),(14,233,24),(14,234,24),(14,235,24),(14,236,24),(14,237,24),(14,238,24),(14,239,24),(14,240,24),(14,241,24),(14,242,24),(14,243,24),(14,244,24),(14,245,24),(14,246,24),(14,247,24),(14,248,24),(14,249,24),(14,250,24),(14,251,24),(14,252,24),(14,253,24),(14,254,24),(14,255,24),(14,256,24),(14,257,24),(14,258,24),(14,259,24),(14,260,24),(14,261,24),(14,262,24),(14,263,24),(14,264,24),(14,265,24),(14,266,24),(14,267,24),(14,268,24),(14,269,24),(14,270,24),(14,271,24),(14,272,24),(14,273,24),(14,274,24),(14,275,24),(14,276,24),(14,277,24),(14,278,24),(14,279,24),(14,280,24),(14,281,24),(14,282,24),(14,283,24),(14,284,24),(14,285,24),(14,286,24),(14,287,24),(14,288,24),(14,289,24),(14,290,24),(14,291,24),(14,292,24),(14,293,24),(14,294,24),(14,295,24),(14,296,24),(14,297,24),(14,298,24),(14,299,24),(14,300,24),(14,301,24),(14,302,24),(14,303,24),(14,304,24),(14,305,24),(14,306,24),(14,307,24),(14,308,24),(14,309,24),(14,310,24),(14,311,24),(14,312,24),(14,313,24),(14,314,24),(14,315,24),(14,316,24),(14,317,24),(14,318,24),(14,319,24),(14,320,24),(14,321,24),(14,322,24),(14,323,24),(14,324,24),(14,325,24),(14,326,24),(14,327,24),(14,328,24),(14,329,24),(14,330,24),(14,331,24),(14,332,24),(14,333,24),(14,334,24),(14,335,24),(14,336,24),(14,337,24),(14,338,24),(14,339,24),(14,340,24),(14,341,24),(14,342,24),(14,343,24),(14,344,24),(14,345,24),(14,346,24),(14,347,24),(14,348,24),(14,349,24),(14,350,24),(14,351,24),(14,352,24),(14,353,24),(14,354,24),(14,355,24),(14,356,24),(14,357,24),(14,358,24),(14,359,24),(14,360,24),(14,361,24),(14,362,24),(14,363,24),(14,364,24),(14,365,24),(14,366,24),(15,1,24),(15,2,24),(15,3,24),(15,4,24),(15,5,24),(15,6,24),(15,7,24),(15,8,24),(15,9,24),(15,10,24),(15,11,24),(15,12,24),(15,13,24),(15,14,24),(15,15,24),(15,16,24),(15,17,24),(15,18,24),(15,19,24),(15,20,24),(15,21,24),(15,22,24),(15,23,24),(15,24,24),(15,25,24),(15,26,24),(16,1,22),(16,2,22),(16,3,22),(16,4,22),(16,5,22),(16,6,22),(16,7,22),(16,8,22),(16,9,22),(16,10,22),(16,11,22),(16,12,22),(16,13,22),(16,14,22),(16,15,22),(16,16,22),(16,17,22),(16,18,22),(16,19,22),(16,20,22),(16,21,22),(16,22,22),(16,23,22),(16,24,22),(16,25,22),(17,1,23),(17,2,23),(17,3,23),(17,4,23),(17,5,23),(17,6,23),(17,7,23),(17,8,23),(17,9,23),(17,10,23),(17,11,23),(17,12,23),(17,13,23),(17,14,23),(17,15,23),(17,16,23),(17,17,23),(17,18,23),(17,19,23),(17,20,23),(17,21,23),(17,22,23),(17,23,23),(17,24,23),(17,25,23),(17,26,23),(17,27,23),(17,28,23),(17,29,23),(17,30,23),(17,31,23),(17,32,23),(17,33,23),(17,34,23),(17,35,23),(17,36,23),(17,37,23),(17,38,23),(17,39,23),(17,40,23),(17,41,23),(17,42,23),(17,43,23),(17,44,23),(17,45,23),(17,46,23),(17,47,23),(17,48,23),(17,49,23),(17,50,23),(17,51,23),(17,52,23),(17,53,23),(17,54,23),(17,55,23),(17,56,23),(17,57,23),(17,58,23),(17,59,23),(17,60,23),(17,61,23),(17,62,23),(17,63,23),(17,64,23),(17,65,23),(17,66,23),(17,67,23),(17,68,23),(17,69,23),(17,70,23),(17,71,23),(17,72,23),(17,73,23),(17,74,23),(17,75,23),(17,76,23),(17,77,23),(17,78,23),(17,79,23),(17,80,23),(17,81,23),(17,82,23),(17,83,23),(17,84,23),(17,85,23),(17,86,23),(17,87,23),(17,88,23),(17,89,23),(17,90,23),(17,91,23),(17,92,23),(17,93,23),(17,94,23),(17,95,23),(17,96,23),(17,97,23),(17,98,23),(17,99,23),(17,100,23),(17,101,23),(17,102,23),(17,103,23),(17,104,23),(17,105,23),(17,106,23),(17,107,23),(17,108,23),(17,109,23),(17,110,23),(17,111,23),(17,112,23),(17,113,23),(17,114,23),(17,115,23),(17,116,23),(17,117,23),(17,118,23),(17,119,23),(17,120,23),(17,121,23),(17,122,23),(17,123,23),(17,124,23),(17,125,23),(17,126,23),(17,127,23),(17,128,23),(17,129,23),(17,130,23),(17,131,23),(17,132,23),(17,133,23),(17,134,23),(17,135,23),(17,136,23),(17,137,23),(17,138,23),(17,139,23),(17,140,23),(17,141,23),(17,142,23),(17,143,23),(17,144,23),(17,145,23),(17,146,23),(17,147,23),(17,148,23),(17,149,23),(17,150,23),(17,151,23),(17,152,23),(17,153,23),(17,154,23),(17,155,23),(17,156,23),(17,157,23),(17,158,23),(17,159,23),(17,160,23),(17,161,23),(17,162,23),(17,163,23),(17,164,23),(17,165,23),(17,166,23),(17,167,23),(17,168,23),(17,169,23),(17,170,23),(17,171,23),(17,172,23),(17,173,23),(17,174,23),(17,175,23),(17,176,23),(17,177,23),(17,178,23),(17,179,23),(17,180,23),(17,181,23),(17,182,23),(17,183,23),(17,184,23),(17,185,23),(17,186,23),(17,187,23),(17,188,23),(17,189,23),(17,190,23),(17,191,23),(17,192,23),(17,193,23),(17,194,23),(17,195,23),(17,196,23),(17,197,23),(17,198,23),(17,199,23),(17,200,23),(17,201,23),(17,202,23),(17,203,23),(17,204,23),(17,205,23),(17,206,23),(17,207,23),(17,208,23),(17,209,23),(17,210,23),(17,211,23),(17,212,23),(17,213,23),(17,214,23),(17,215,23),(17,216,23),(17,217,23),(17,218,23),(17,219,23),(17,220,23),(17,221,23),(17,222,23),(17,223,23),(17,224,23),(17,225,23),(17,226,23),(17,227,23),(17,228,23),(17,229,23),(17,230,23),(17,231,23),(17,232,23),(17,233,23),(17,234,23),(17,235,23),(17,236,23),(17,237,23),(17,238,23),(17,239,23),(17,240,23),(17,241,23),(17,242,23),(17,243,23),(17,244,23),(17,245,23),(17,246,23),(17,247,23),(17,248,23),(17,249,23),(17,250,23),(17,251,23),(17,252,23),(17,253,23),(17,254,23),(17,255,23),(17,256,23),(17,257,23),(17,258,23),(17,259,23),(17,260,23),(17,261,23),(17,262,23),(17,263,23),(17,264,23),(17,265,23),(17,266,23),(17,267,23),(17,268,23),(17,269,23),(17,270,23),(17,271,23),(17,272,23),(17,273,23),(17,274,23),(17,275,23),(17,276,23),(17,277,23),(17,278,23),(17,279,23),(17,280,23),(17,281,23),(17,282,23),(17,283,23),(17,284,23),(17,285,23),(17,286,23),(17,287,23),(17,288,23),(17,289,23),(17,290,23),(17,291,23),(17,292,23),(17,293,23),(17,294,23),(17,295,23),(17,296,23),(17,297,23),(17,298,23),(17,299,23),(17,300,23),(17,301,23),(17,302,23),(17,303,23),(17,304,23),(17,305,23),(17,306,23),(17,307,23),(17,308,23),(17,309,23),(17,310,23),(17,311,23),(17,312,23),(17,313,23),(17,314,23),(17,315,23),(17,316,23),(17,317,23),(17,318,23),(17,319,23),(17,320,23),(17,321,23),(17,322,23),(17,323,23),(17,324,23),(17,325,23),(17,326,23),(17,327,23),(17,328,23),(17,329,23),(17,330,23),(17,331,23),(17,332,23),(17,333,23),(17,334,23),(17,335,23),(17,336,23),(17,337,23),(17,338,23),(17,339,23),(17,340,23),(17,341,23),(17,342,23),(17,343,23),(17,344,23),(17,345,23),(17,346,23),(17,347,23),(17,348,23),(17,349,23),(17,350,23),(17,351,23),(17,352,23),(17,353,23),(17,354,23),(17,355,23),(17,356,23),(17,357,23),(17,358,23),(17,359,23),(17,360,23),(17,361,23),(17,362,23),(17,363,23),(17,364,23),(17,365,23),(17,366,23),(17,367,23),(17,368,23),(17,369,23),(17,370,23),(17,371,23),(17,372,23),(17,373,23),(17,374,23),(17,375,23),(17,376,23),(17,377,23),(17,378,23),(17,379,23),(17,380,23),(17,381,23),(17,382,23),(17,383,23),(17,384,23),(17,385,23),(17,386,23),(17,387,23),(17,388,23),(17,389,23),(17,390,23),(17,391,23),(17,392,23),(17,393,23),(17,394,23),(17,395,23),(17,396,23),(17,397,23),(17,398,23),(17,399,23),(17,400,23),(17,401,23),(17,402,23),(17,403,23),(17,404,23),(17,405,23),(17,406,23),(17,407,23),(17,408,23),(17,409,23),(17,410,23),(17,411,23),(17,412,23),(17,413,23),(17,414,23),(17,415,23),(17,416,23),(17,417,23),(17,418,23),(17,419,23),(17,420,23),(17,421,23),(17,422,23),(17,423,23),(17,424,23),(17,425,23),(17,426,23),(17,427,23),(17,428,23),(17,429,23),(17,430,23),(17,431,23),(17,432,23),(17,433,23),(17,434,23),(17,435,23),(17,436,23),(17,437,23),(17,438,23),(17,439,23),(17,440,23),(17,441,23),(17,442,23),(17,443,23),(17,444,23),(17,445,23),(17,446,23),(17,447,23),(17,448,23),(17,449,23),(17,450,23),(17,451,23),(17,452,23),(17,453,23),(17,454,23),(17,455,23),(17,456,23),(17,457,23),(17,458,23),(17,459,23),(17,460,23),(17,461,23),(17,462,23),(17,463,23),(17,464,23),(17,465,23),(17,466,23),(17,467,23),(17,468,23),(17,469,23),(17,470,23),(17,471,23),(17,472,23),(17,473,23),(17,474,23),(17,475,23),(17,476,23),(17,477,23),(17,478,23),(17,479,23),(17,480,23),(17,481,23),(17,482,23),(17,483,23),(17,484,23),(17,485,23),(17,486,23),(17,487,23),(17,488,23),(17,489,23),(17,490,23),(17,491,23),(17,492,23),(17,493,23),(17,494,23),(17,495,23),(17,496,23),(17,497,23),(17,498,23),(17,499,23),(17,500,23),(18,1,24),(18,2,24),(18,3,24),(18,4,24),(18,5,24),(18,6,24),(18,7,24),(18,8,24),(18,9,24),(18,10,24),(18,11,24),(18,12,24),(18,13,24),(18,14,24),(18,15,24),(18,16,24),(18,17,24),(18,18,24),(18,19,24),(18,20,24),(18,21,24),(18,22,24),(18,23,24),(18,24,24),(18,25,24),(18,26,24),(18,27,24),(18,28,24),(18,29,24),(18,30,24),(18,31,24),(18,32,24),(18,33,24),(18,34,24),(18,35,24),(18,36,24),(18,37,24),(18,38,24),(18,39,24),(18,40,24),(18,41,24),(18,42,24),(18,43,24),(18,44,24),(18,45,24),(18,46,24),(18,47,24),(18,48,24),(18,49,24),(18,50,24),(18,51,24),(18,52,24),(18,53,24),(18,54,24),(18,55,24),(18,56,24),(18,57,24),(18,58,24),(18,59,24),(18,60,24),(18,61,24),(18,62,24),(18,63,24),(18,64,24),(18,65,24),(18,66,24),(18,67,24),(18,68,24),(18,69,24),(18,70,24),(18,71,24),(18,72,24),(18,73,24),(18,74,24),(18,75,24),(18,76,24),(18,77,24),(18,78,24),(18,79,24),(18,80,24),(18,81,24),(18,82,24),(18,83,24),(18,84,24),(18,85,24),(18,86,24),(18,87,24),(18,88,24),(18,89,24),(18,90,24),(18,91,24),(18,92,24),(18,93,24),(18,94,24),(18,95,24),(18,96,24),(18,97,24),(18,98,24),(18,99,24),(18,100,24),(18,101,24),(18,102,24),(18,103,24),(18,104,24),(18,105,24),(18,106,24),(18,107,24),(18,108,24),(18,109,24),(18,110,24),(18,111,24),(18,112,24),(18,113,24),(18,114,24),(18,115,24),(18,116,24),(18,117,24),(18,118,24),(18,119,24),(18,120,24),(18,121,24),(18,122,24),(18,123,24),(18,124,24),(18,125,24),(18,126,24),(18,127,24),(18,128,24),(18,129,24),(18,130,24),(18,131,24),(18,132,24),(18,133,24),(18,134,24),(18,135,24),(18,136,24),(18,137,24),(18,138,24),(18,139,24),(18,140,24),(18,141,24),(18,142,24),(18,143,24),(18,144,24),(18,145,24),(18,146,24),(18,147,24),(18,148,24),(18,149,24),(18,150,24),(18,151,24),(18,152,24),(18,153,24),(18,154,24),(18,155,24),(18,156,24),(18,157,24),(18,158,24),(18,159,24),(18,160,24),(18,161,24),(19,1,24),(19,2,24),(19,3,24),(19,4,24),(19,5,24),(19,6,24),(19,7,24),(19,8,24),(19,9,24),(19,10,24),(19,11,24),(19,12,24),(19,13,24),(19,14,24),(19,15,24),(19,16,24),(19,17,24),(19,18,24),(19,19,24),(19,20,24),(19,21,24),(19,22,24),(19,23,24),(19,24,24),(19,25,24),(20,1,24),(20,2,24),(20,3,24),(20,4,24),(20,5,24),(20,6,24),(20,7,24),(20,8,24),(20,9,24),(20,10,24),(20,11,24),(20,12,24),(20,13,24),(20,14,24),(20,15,24),(20,16,24),(20,17,24),(20,18,24),(20,19,24),(20,20,24),(20,21,24),(20,22,24),(20,23,24),(20,24,24),(20,25,24),(21,1,25),(21,2,25),(21,3,25),(21,4,25),(21,5,25),(21,6,25),(21,7,25),(21,8,25),(21,9,25),(21,10,25),(21,11,25),(21,12,25),(21,13,25),(21,14,25),(21,15,25),(21,16,25),(21,17,25),(21,18,25),(21,19,25),(21,20,25),(21,21,25),(21,22,25),(21,23,25),(21,24,25),(21,25,25),(21,26,25),(22,1,24),(22,2,24),(22,3,24),(22,4,24),(22,5,24),(22,6,24),(22,7,24),(22,8,24),(22,9,24),(22,10,24),(22,11,24),(22,12,24),(22,13,24),(22,14,24),(22,15,24),(22,16,24),(22,17,24),(22,18,24),(22,19,24),(22,20,24),(22,21,24),(22,22,24),(22,23,24),(22,24,24),(22,25,24),(23,1,22),(23,2,22),(23,3,22),(23,4,22),(23,5,22),(23,6,22),(23,7,22),(23,8,22),(23,9,22),(23,10,22),(23,11,22),(23,12,22),(23,13,22),(23,14,22),(23,15,22),(23,16,22),(23,17,22),(23,18,22),(23,19,22),(23,20,22),(23,21,22),(23,22,22),(23,23,22),(23,24,22),(23,25,22),(24,1,23),(24,2,23),(24,3,23),(24,4,23),(24,5,23),(24,6,23),(24,7,23),(24,8,23),(24,9,23),(24,10,23),(24,11,23),(24,12,23),(24,13,23),(24,14,23),(24,15,23),(24,16,23),(24,17,23),(24,18,23),(24,19,23),(24,20,23),(24,21,23),(24,22,23),(24,23,23),(24,24,23),(24,25,23),(24,26,23),(25,1,22),(25,2,22),(25,3,22),(25,4,22),(25,5,22),(25,6,22),(25,7,22),(25,8,22),(25,9,22),(25,10,22),(25,11,22),(25,12,22),(25,13,22),(25,14,22),(25,15,22),(25,16,22),(25,17,22),(25,18,22),(25,19,22),(25,20,22),(25,21,22),(25,22,22),(25,23,22),(25,24,22),(25,25,22),(26,1,24),(26,2,24),(26,3,24),(26,4,24),(26,5,24),(26,6,24),(26,7,24),(26,8,24),(26,9,24),(26,10,24),(26,11,24),(26,12,24),(26,13,24),(26,14,24),(26,15,24),(26,16,24),(26,17,24),(26,18,24),(26,19,24),(26,20,24),(26,21,24),(26,22,24),(26,23,24),(26,24,24),(26,25,24),(27,1,24),(27,2,24),(27,3,24),(27,4,24),(27,5,24),(27,6,24),(27,7,24),(27,8,24),(27,9,24),(27,10,24),(27,11,24),(27,12,24),(27,13,24),(27,14,24),(27,15,24),(27,16,24),(27,17,24),(27,18,24),(27,19,24),(27,20,24),(27,21,24),(27,22,24),(27,23,24),(27,24,24),(27,25,24),(27,26,24),(27,27,24),(27,28,24),(27,29,24),(27,30,24),(27,31,24),(27,32,24),(27,33,24),(27,34,24),(27,35,24),(27,36,24),(27,37,24),(27,38,24),(27,39,24),(27,40,24),(27,41,24),(27,42,24),(27,43,24),(27,44,24),(27,45,24),(27,46,24),(27,47,24),(27,48,24),(27,49,24),(27,50,24),(27,51,24),(27,52,24),(27,53,24),(27,54,24),(27,55,24),(27,56,24),(27,57,24),(27,58,24),(27,59,24),(27,60,24),(28,1,24),(28,2,24),(28,3,24),(28,4,24),(28,5,24),(28,6,24),(28,7,24),(28,8,24),(28,9,24),(28,10,24),(28,11,24),(28,12,24),(28,13,24),(28,14,24),(28,15,24),(28,16,24),(28,17,24),(28,18,24),(28,19,24),(28,20,24),(28,21,24),(28,22,24),(28,23,24),(28,24,24),(28,25,24),(28,26,24),(28,27,24),(28,28,24),(28,29,24),(28,30,24),(28,31,24),(28,32,24),(28,33,24),(28,34,24),(28,35,24),(28,36,24),(28,37,24),(28,38,24),(28,39,24),(29,1,24),(29,2,24),(29,3,24),(29,4,24),(29,5,24),(29,6,24),(29,7,24),(29,8,24),(29,9,24),(29,10,24),(29,11,24),(29,12,24),(29,13,24),(29,14,24),(29,15,24),(29,16,24),(29,17,24),(29,18,24),(29,19,24),(29,20,24),(29,21,24),(29,22,24),(29,23,24),(29,24,24),(29,25,24),(29,26,24),(29,27,24),(29,28,24),(29,29,24),(29,30,24),(29,31,24),(29,32,24),(29,33,24),(29,34,24),(29,35,24),(29,36,24),(29,37,24),(29,38,24),(29,39,24),(29,40,24),(29,41,24),(29,42,24),(29,43,24),(29,44,24),(29,45,24),(29,46,24),(29,47,24),(29,48,24),(29,49,24),(29,50,24),(29,51,24),(29,52,24),(29,53,24),(29,54,24),(29,55,24),(29,56,24),(29,57,24),(29,58,24),(29,59,24),(29,60,24),(29,61,24),(29,62,24),(29,63,24),(29,64,24),(29,65,24),(29,66,24),(29,67,24),(29,68,24),(29,69,24),(29,70,24),(29,71,24),(29,72,24),(29,73,24),(29,74,24),(29,75,24),(29,76,24),(29,77,24),(30,1,24),(30,2,24),(30,3,24),(30,4,24),(30,5,24),(30,6,24),(30,7,24),(30,8,24),(30,9,24),(30,10,24),(30,11,24),(30,12,24),(30,13,24),(30,14,24),(30,15,24),(30,16,24),(30,17,24),(30,18,24),(30,19,24),(30,20,24),(30,21,24),(30,22,24),(30,23,24),(30,24,24),(30,25,24),(30,26,24),(31,1,25),(31,2,25),(31,3,25),(31,4,25),(31,5,25),(31,6,25),(31,7,25),(31,8,25),(31,9,25),(31,10,25),(31,11,25),(31,12,25),(31,13,25),(31,14,25),(31,15,25),(31,16,25),(31,17,25),(31,18,25),(31,19,25),(31,20,25),(31,21,25),(31,22,25),(31,23,25),(31,24,25),(31,25,25),(31,26,25),(31,27,25),(31,28,25),(31,29,25),(31,30,25),(31,31,25),(31,32,25),(31,33,25),(31,34,25),(31,35,25),(31,36,25),(31,37,25),(31,38,25),(31,39,25),(32,1,24),(32,2,24),(32,3,24),(32,4,24),(32,5,24),(32,6,24),(32,7,24),(32,8,24),(32,9,24),(32,10,24),(32,11,24),(32,12,24),(32,13,24),(32,14,24),(32,15,24),(32,16,24),(32,17,24),(32,18,24),(32,19,24),(32,20,24),(32,21,24),(32,22,24),(32,23,24),(32,24,24),(32,25,24),(32,26,24),(32,27,24),(32,28,24),(32,29,24),(32,30,24),(32,31,24),(32,32,24),(32,33,24),(32,34,24),(32,35,24),(32,36,24),(32,37,24),(32,38,24),(32,39,24),(32,40,24),(32,41,24),(32,42,24),(32,43,24),(32,44,24),(32,45,24),(32,46,24),(32,47,24),(32,48,24),(32,49,24),(32,50,24),(32,51,24),(32,52,24),(32,53,24),(32,54,24),(32,55,24),(32,56,24),(32,57,24),(32,58,24),(32,59,24),(32,60,24),(32,61,24),(32,62,24),(32,63,24),(32,64,24),(32,65,24),(32,66,24),(32,67,24),(32,68,24),(32,69,24),(32,70,24),(32,71,24),(32,72,24),(32,73,24),(32,74,24),(32,75,24),(32,76,24),(32,77,24),(32,78,24),(32,79,24),(32,80,24),(32,81,24),(32,82,24),(32,83,24),(32,84,24),(32,85,24),(32,86,24),(32,87,24),(32,88,24),(32,89,24),(32,90,24),(32,91,24),(32,92,24),(32,93,24),(32,94,24),(32,95,24),(32,96,24),(32,97,24),(32,98,24),(32,99,24),(32,100,24),(32,101,24),(32,102,24),(32,103,24),(32,104,24),(32,105,24),(32,106,24),(32,107,24),(32,108,24),(32,109,24),(32,110,24),(32,111,24),(32,112,24),(32,113,24),(32,114,24),(32,115,24),(32,116,24),(32,117,24),(32,118,24),(32,119,24),(32,120,24),(32,121,24),(32,122,24),(32,123,24),(32,124,24),(32,125,24),(32,126,24),(32,127,24),(32,128,24),(32,129,24),(32,130,24),(32,131,24),(32,132,24),(32,133,24),(32,134,24),(32,135,24),(32,136,24),(32,137,24),(32,138,24),(32,139,24),(32,140,24),(32,141,24),(32,142,24),(32,143,24),(32,144,24),(32,145,24),(32,146,24),(32,147,24),(32,148,24),(32,149,24),(32,150,24),(32,151,24),(32,152,24),(32,153,24),(32,154,24),(32,155,24),(32,156,24),(32,157,24),(32,158,24),(32,159,24),(32,160,24),(32,161,24),(32,162,24),(32,163,24),(32,164,24),(32,165,24),(32,166,24),(32,167,24),(32,168,24),(32,169,24),(32,170,24),(32,171,24),(32,172,24),(32,173,24),(32,174,24),(32,175,24),(32,176,24),(32,177,24),(32,178,24),(32,179,24),(32,180,24),(32,181,24),(32,182,24),(32,183,24),(32,184,24),(32,185,24),(32,186,24),(32,187,24),(32,188,24),(32,189,24),(32,190,24),(32,191,24),(32,192,24),(32,193,24),(32,194,24),(32,195,24),(32,196,24),(32,197,24),(32,198,24),(32,199,24),(32,200,24),(32,201,24),(32,202,24),(32,203,24),(32,204,24),(32,205,24),(32,206,24),(32,207,24),(32,208,24),(32,209,24),(32,210,24),(32,211,24),(32,212,24),(32,213,24),(32,214,24),(32,215,24),(32,216,24),(32,217,24),(32,218,24),(32,219,24),(32,220,24),(32,221,24),(32,222,24),(32,223,24),(32,224,24),(32,225,24),(32,226,24),(32,227,24),(32,228,24),(32,229,24),(32,230,24),(32,231,24),(32,232,24),(32,233,24),(32,234,24),(32,235,24),(32,236,24),(32,237,24),(32,238,24),(32,239,24),(32,240,24),(32,241,24),(32,242,24),(32,243,24),(32,244,24),(32,245,24),(32,246,24),(32,247,24),(32,248,24),(32,249,24),(32,250,24),(32,251,24),(32,252,24),(32,253,24),(32,254,24),(32,255,24),(32,256,24),(32,257,24),(32,258,24),(32,259,24),(32,260,24),(32,261,24),(32,262,24),(32,263,24),(32,264,24),(32,265,24),(32,266,24),(32,267,24),(32,268,24),(32,269,24),(32,270,24),(32,271,24),(32,272,24),(32,273,24),(32,274,24),(32,275,24),(32,276,24),(32,277,24),(32,278,24),(32,279,24),(32,280,24),(32,281,24),(32,282,24),(32,283,24),(32,284,24),(32,285,24),(32,286,24),(32,287,24),(32,288,24),(32,289,24),(32,290,24),(32,291,24),(32,292,24),(32,293,24),(32,294,24),(32,295,24),(32,296,24),(32,297,24),(32,298,24),(32,299,24),(32,300,24),(32,301,24),(32,302,24),(32,303,24),(32,304,24),(32,305,24),(32,306,24),(32,307,24),(32,308,24),(32,309,24),(32,310,24),(32,311,24),(32,312,24),(32,313,24),(32,314,24),(32,315,24),(32,316,24),(32,317,24),(32,318,24),(32,319,24),(32,320,24),(32,321,24),(32,322,24),(32,323,24),(32,324,24),(32,325,24),(32,326,24),(32,327,24),(32,328,24),(32,329,24),(32,330,24),(32,331,24),(32,332,24),(32,333,24),(32,334,24),(32,335,24),(32,336,24),(32,337,24),(32,338,24),(32,339,24),(32,340,24),(32,341,24),(32,342,24),(32,343,24),(32,344,24),(32,345,24),(32,346,24),(32,347,24),(32,348,24),(32,349,24),(32,350,24),(32,351,24),(32,352,24),(32,353,24),(32,354,24),(32,355,24),(32,356,24),(32,357,24),(32,358,24),(32,359,24),(32,360,24),(32,361,24),(32,362,24),(32,363,24),(32,364,24),(32,365,24),(32,366,24),(32,367,24),(32,368,24),(32,369,24),(32,370,24),(32,371,24),(32,372,24),(32,373,24),(32,374,24),(32,375,24),(32,376,24),(32,377,24),(32,378,24),(32,379,24),(32,380,24),(32,381,24),(32,382,24),(32,383,24),(32,384,24),(32,385,24),(32,386,24),(32,387,24),(32,388,24),(32,389,24),(32,390,24),(32,391,24),(32,392,24),(32,393,24),(32,394,24),(32,395,24),(32,396,24),(32,397,24),(32,398,24),(32,399,24),(32,400,24),(32,401,24),(32,402,24),(32,403,24),(32,404,24),(32,405,24),(32,406,24),(32,407,24),(32,408,24),(32,409,24),(32,410,24),(32,411,24),(32,412,24),(32,413,24),(32,414,24),(32,415,24),(32,416,24),(32,417,24),(32,418,24),(32,419,24),(32,420,24),(32,421,24),(32,422,24),(32,423,24),(32,424,24),(32,425,24),(32,426,24),(32,427,24),(32,428,24),(32,429,24),(32,430,24),(32,431,24),(32,432,24),(32,433,24),(32,434,24),(32,435,24),(32,436,24),(32,437,24),(32,438,24),(32,439,24),(32,440,24),(32,441,24),(32,442,24),(32,443,24),(32,444,24),(32,445,24),(32,446,24),(32,447,24),(32,448,24),(32,449,24),(32,450,24),(32,451,24),(32,452,24),(32,453,24),(32,454,24),(32,455,24),(32,456,24),(32,457,24),(32,458,24),(32,459,24),(32,460,24),(32,461,24),(32,462,24),(32,463,24),(32,464,24),(32,465,24),(32,466,24),(32,467,24),(32,468,24),(32,469,24),(32,470,24),(32,471,24),(32,472,24),(32,473,24),(32,474,24),(32,475,24),(32,476,24),(32,477,24),(32,478,24),(32,479,24),(32,480,24),(32,481,24),(32,482,24),(32,483,24),(32,484,24),(32,485,24),(32,486,24),(32,487,24),(32,488,24),(32,489,24),(32,490,24),(32,491,24),(32,492,24),(32,493,24),(32,494,24),(32,495,24),(32,496,24),(32,497,24),(32,498,24),(32,499,24),(32,500,24),(32,501,24),(32,502,24),(32,503,24),(32,504,24),(32,505,24),(32,506,24),(32,507,24),(32,508,24),(32,509,24),(32,510,24),(32,511,24),(32,512,24),(32,513,24),(32,514,24),(32,515,24),(32,516,24),(32,517,24),(32,518,24),(32,519,24),(32,520,24),(32,521,24),(32,522,24),(32,523,24),(32,524,24),(32,525,24),(32,526,24),(32,527,24),(32,528,24),(32,529,24),(32,530,24),(32,531,24),(32,532,24),(32,533,24),(32,534,24),(32,535,24),(32,536,24),(32,537,24),(32,538,24),(32,539,24),(32,540,24),(32,541,24),(32,542,24),(32,543,24),(32,544,24),(32,545,24),(32,546,24),(32,547,24),(32,548,24),(32,549,24),(32,550,24),(32,551,24),(32,552,24),(32,553,24),(32,554,24),(32,555,24),(32,556,24),(32,557,24),(32,558,24),(32,559,24),(32,560,24),(32,561,24),(32,562,24),(32,563,24),(32,564,24),(32,565,24),(32,566,24),(32,567,24),(32,568,24),(32,569,24),(32,570,24),(32,571,24),(32,572,24),(32,573,24),(32,574,24),(32,575,24),(32,576,24),(32,577,24),(32,578,24),(32,579,24),(32,580,24),(32,581,24),(32,582,24),(32,583,24),(32,584,24),(32,585,24),(32,586,24),(32,587,24),(32,588,24),(32,589,24),(32,590,24),(32,591,24),(32,592,24),(32,593,24),(32,594,24),(32,595,24),(32,596,24),(32,597,24),(32,598,24),(32,599,24),(32,600,24),(32,601,24),(32,602,24),(32,603,24),(32,604,24),(32,605,24),(32,606,24),(32,607,24),(32,608,24),(32,609,24),(32,610,24),(32,611,24),(32,612,24),(32,613,24),(32,614,24),(32,615,24),(32,616,24),(32,617,24),(32,618,24),(32,619,24),(32,620,24),(32,621,24),(32,622,24),(32,623,24),(32,624,24),(32,625,24),(32,626,24),(32,627,24),(32,628,24),(32,629,24),(32,630,24),(32,631,24),(32,632,24),(32,633,24),(32,634,24),(32,635,24),(32,636,24),(32,637,24),(32,638,24),(32,639,24),(32,640,24),(32,641,24),(32,642,24),(32,643,24),(32,644,24),(32,645,24),(32,646,24),(32,647,24),(32,648,24),(32,649,24),(32,650,24),(32,651,24),(32,652,24),(32,653,24),(32,654,24),(32,655,24),(32,656,24),(32,657,24),(32,658,24),(32,659,24),(32,660,24),(32,661,24),(32,662,24),(32,663,24),(32,664,24),(32,665,24),(32,666,24),(32,667,24),(32,668,24),(32,669,24),(32,670,24),(32,671,24),(32,672,24),(32,673,24),(32,674,24),(32,675,24),(32,676,24),(32,677,24),(32,678,24),(32,679,24),(32,680,24),(32,681,24),(32,682,24),(32,683,24),(32,684,24),(32,685,24),(32,686,24),(32,687,24),(32,688,24),(32,689,24),(32,690,24),(32,691,24),(32,692,24),(32,693,24),(32,694,24),(32,695,24),(32,696,24),(32,697,24),(32,698,24),(32,699,24),(32,700,24),(32,701,24),(32,702,24),(32,703,24),(32,704,24),(32,705,24),(32,706,24),(32,707,24),(32,708,24),(32,709,24),(32,710,24),(32,711,24),(32,712,24),(32,713,24),(32,714,24),(32,715,24),(32,716,24),(32,717,24),(32,718,24),(32,719,24),(32,720,24),(32,721,24),(32,722,24),(32,723,24),(32,724,24),(32,725,24),(32,726,24),(32,727,24),(32,728,24),(32,729,24),(32,730,24),(32,731,24),(32,732,24),(32,733,24),(32,734,24),(32,735,24),(32,736,24),(32,737,24),(32,738,24),(32,739,24),(32,740,24),(32,741,24),(32,742,24),(32,743,24),(32,744,24),(32,745,24),(32,746,24),(32,747,24),(32,748,24),(32,749,24),(32,750,24),(32,751,24),(32,752,24),(32,753,24),(32,754,24),(32,755,24),(32,756,24),(32,757,24),(32,758,24),(32,759,24),(32,760,24),(32,761,24),(32,762,24),(32,763,24),(32,764,24),(32,765,24),(32,766,24),(32,767,24),(32,768,24),(32,769,24),(32,770,24),(32,771,24),(32,772,24),(32,773,24),(32,774,24),(32,775,24),(32,776,24),(32,777,24),(32,778,24),(32,779,24),(32,780,24),(32,781,24),(32,782,24),(32,783,24),(32,784,24),(32,785,24),(32,786,24),(32,787,24),(32,788,24),(32,789,24),(32,790,24),(32,791,24),(32,792,24),(32,793,24),(32,794,24),(32,795,24),(32,796,24),(32,797,24),(32,798,24),(32,799,24),(32,800,24),(32,801,24),(32,802,24),(32,803,24),(32,804,24),(32,805,24),(32,806,24),(32,807,24),(32,808,24),(32,809,24),(32,810,24),(32,811,24),(32,812,24),(32,813,24),(32,814,24),(32,815,24),(32,816,24),(32,817,24),(32,818,24),(32,819,24),(32,820,24),(32,821,24),(32,822,24),(32,823,24),(32,824,24),(32,825,24),(32,826,24),(32,827,24),(32,828,24),(32,829,24),(32,830,24),(32,831,24),(32,832,24),(32,833,24),(32,834,24),(32,835,24),(32,836,24),(32,837,24),(32,838,24),(32,839,24),(32,840,24),(32,841,24),(32,842,24),(32,843,24),(32,844,24),(32,845,24),(32,846,24),(32,847,24),(32,848,24),(32,849,24),(32,850,24),(32,851,24),(32,852,24),(32,853,24),(32,854,24),(32,855,24),(32,856,24),(32,857,24),(32,858,24),(32,859,24),(32,860,24),(32,861,24),(32,862,24),(32,863,24),(32,864,24),(32,865,24),(32,866,24),(32,867,24),(32,868,24),(32,869,24),(32,870,24),(32,871,24),(32,872,24),(32,873,24),(32,874,24),(32,875,24),(32,876,24),(32,877,24),(32,878,24),(32,879,24),(32,880,24),(32,881,24),(32,882,24),(32,883,24),(32,884,24),(32,885,24),(32,886,24),(32,887,24),(32,888,24),(32,889,24),(32,890,24),(32,891,24),(32,892,24),(32,893,24),(32,894,24),(32,895,24),(32,896,24),(32,897,24),(32,898,24),(32,899,24),(32,900,24),(32,901,24),(32,902,24),(32,903,24),(32,904,24),(32,905,24),(32,906,24),(32,907,24),(32,908,24),(32,909,24),(32,910,24),(32,911,24),(32,912,24),(32,913,24),(32,914,24),(32,915,24),(32,916,24),(32,917,24),(32,918,24),(32,919,24),(32,920,24),(32,921,24),(32,922,24),(32,923,24),(32,924,24),(32,925,24),(32,926,24),(32,927,24),(32,928,24),(32,929,24),(32,930,24),(32,931,24),(32,932,24),(32,933,24),(32,934,24),(32,935,24),(32,936,24),(32,937,24),(32,938,24),(32,939,24),(32,940,24),(32,941,24),(32,942,24),(32,943,24),(32,944,24),(32,945,24),(32,946,24),(32,947,24),(32,948,24),(32,949,24),(32,950,24),(32,951,24),(32,952,24),(32,953,24),(32,954,24),(32,955,24),(32,956,24),(32,957,24),(32,958,24),(32,959,24),(32,960,24),(32,961,24),(32,962,24),(32,963,24),(32,964,24),(32,965,24),(32,966,24),(32,967,24),(32,968,24),(33,1,25),(33,2,25),(33,3,25),(33,4,25),(33,5,25),(33,6,25),(33,7,25),(33,8,25),(33,9,25),(33,10,25),(33,11,25),(33,12,25),(33,13,25),(33,14,25),(33,15,25),(33,16,25),(33,17,25),(33,18,25),(33,19,25),(33,20,25),(33,21,25),(33,22,25),(33,23,25),(33,24,25),(33,25,25),(33,26,25),(33,27,25),(33,28,25),(33,29,25),(33,30,25),(33,31,25),(33,32,25),(33,33,25),(33,34,25),(33,35,25),(33,36,25),(33,37,25),(33,38,25),(33,39,25),(33,40,25),(33,41,25),(33,42,25),(33,43,25),(33,44,25),(33,45,25),(33,46,25),(33,47,25),(33,48,25),(33,49,25),(33,50,25),(33,51,25),(34,1,24),(34,2,24),(34,3,24),(34,4,24),(34,5,24),(34,6,24),(34,7,24),(34,8,24),(34,9,24),(34,10,24),(34,11,24),(34,12,24),(34,13,24),(34,14,24),(34,15,24),(34,16,24),(34,17,24),(34,18,24),(34,19,24),(34,20,24),(34,21,24),(34,22,24),(34,23,24),(34,24,24),(34,25,24),(35,1,25),(35,2,25),(35,3,25),(35,4,25),(35,5,25),(35,6,25),(35,7,25),(35,8,25),(35,9,25),(35,10,25),(35,11,25),(35,12,25),(35,13,25),(35,14,25),(35,15,25),(35,16,25),(35,17,25),(35,18,25),(35,19,25),(35,20,25),(35,21,25),(35,22,25),(35,23,25),(35,24,25),(35,25,25),(35,26,25),(35,27,25),(35,28,25),(35,29,25),(35,30,25),(35,31,25),(35,32,25),(35,33,25),(35,34,25),(35,35,25),(35,36,25),(35,37,25),(35,38,25),(35,39,25),(36,1,24),(36,2,24),(36,3,24),(36,4,24),(36,5,24),(36,6,24),(36,7,24),(36,8,24),(36,9,24),(36,10,24),(36,11,24),(36,12,24),(36,13,24),(36,14,24),(36,15,24),(36,16,24),(36,17,24),(36,18,24),(36,19,24),(36,20,24),(36,21,24),(36,22,24),(36,23,24),(36,24,24),(36,25,24),(36,26,24),(36,27,24),(36,28,24),(36,29,24),(36,30,24),(36,31,24),(36,32,24),(36,33,24),(36,34,24),(36,35,24),(36,36,24),(36,37,24),(36,38,24),(36,39,24),(36,40,24),(36,41,24),(36,42,24),(36,43,24),(36,44,24),(36,45,24),(36,46,24),(36,47,24),(36,48,24),(36,49,24),(36,50,24),(36,51,24),(36,52,24),(36,53,24),(36,54,24),(36,55,24),(36,56,24),(36,57,24),(36,58,24),(36,59,24),(36,60,24),(36,61,24),(36,62,24),(36,63,24),(36,64,24),(36,65,24),(36,66,24),(36,67,24),(36,68,24),(36,69,24),(36,70,24),(36,71,24),(36,72,24),(36,73,24),(36,74,24),(36,75,24),(36,76,24),(36,77,24),(36,78,24),(36,79,24),(36,80,24),(36,81,24),(36,82,24),(36,83,24),(36,84,24),(36,85,24),(36,86,24),(36,87,24),(36,88,24),(36,89,24),(36,90,24),(36,91,24),(36,92,24),(36,93,24),(36,94,24),(36,95,24),(36,96,24),(36,97,24),(36,98,24),(36,99,24),(36,100,24),(36,101,24),(36,102,24),(36,103,24),(36,104,24),(36,105,24),(36,106,24),(36,107,24),(36,108,24),(36,109,24),(36,110,24),(36,111,24),(36,112,24),(36,113,24),(36,114,24),(36,115,24),(36,116,24),(36,117,24),(36,118,24),(36,119,24),(36,120,24),(36,121,24),(36,122,24),(36,123,24),(36,124,24),(36,125,24),(36,126,24),(36,127,24),(36,128,24),(36,129,24),(36,130,24),(36,131,24),(36,132,24),(36,133,24),(36,134,24),(36,135,24),(36,136,24),(36,137,24),(36,138,24),(36,139,24),(36,140,24),(36,141,24),(36,142,24),(36,143,24),(36,144,24),(36,145,24),(36,146,24),(36,147,24),(36,148,24),(36,149,24),(36,150,24),(36,151,24),(36,152,24),(36,153,24),(36,154,24),(36,155,24),(36,156,24),(36,157,24),(36,158,24),(36,159,24),(36,160,24),(36,161,24),(36,162,24),(36,163,24),(36,164,24),(36,165,24),(36,166,24),(36,167,24),(37,1,24),(37,2,24),(37,3,24),(37,4,24),(37,5,24),(37,6,24),(37,7,24),(37,8,24),(37,9,24),(37,10,24),(37,11,24),(37,12,24),(38,1,22),(38,2,22),(38,3,22),(38,4,22),(38,5,22),(38,6,22),(38,7,22),(38,8,22),(38,9,22),(38,10,22),(38,11,22),(39,1,25),(39,2,25),(39,3,25),(39,4,25),(39,5,25),(39,6,25),(39,7,25),(39,8,25),(39,9,25),(39,10,25),(39,11,25),(39,12,25),(39,13,25),(39,14,25),(39,15,25),(39,16,25),(39,17,25),(39,18,25),(39,19,25),(39,20,25),(39,21,25),(39,22,25),(39,23,25),(39,24,25),(39,25,25),(40,1,24),(40,2,24),(40,3,24),(40,4,24),(40,5,24),(40,6,24),(40,7,24),(40,8,24),(40,9,24),(40,10,24),(40,11,24),(40,12,24),(40,13,24),(40,14,24),(40,15,24),(40,16,24),(40,17,24),(40,18,24),(40,19,24),(40,20,24),(40,21,24),(40,22,24),(40,23,24),(40,24,24),(41,1,24),(41,2,24),(41,3,24),(41,4,24),(41,5,24),(41,6,24),(41,7,24),(41,8,24),(41,9,24),(41,10,24),(41,11,24),(41,12,24),(41,13,24),(41,14,24),(41,15,24),(41,16,24),(41,17,24),(41,18,24),(41,19,24),(41,20,24),(41,21,24),(41,22,24),(41,23,24),(41,24,24),(41,25,24),(42,1,22),(42,2,22),(42,3,22),(42,4,22),(42,5,22),(42,6,22),(42,7,22),(42,8,22),(42,9,22),(42,10,22),(42,11,22),(42,12,22),(42,13,22),(42,14,22),(42,15,22),(42,16,22),(42,17,22),(42,18,22),(42,19,22),(42,20,22),(42,21,22),(42,22,22),(42,23,22),(43,1,24),(43,2,24),(43,3,24),(43,4,24),(43,5,24),(43,6,24),(43,7,24),(43,8,24),(43,9,24),(43,10,24),(43,11,24),(43,12,24),(43,13,24),(44,1,25),(44,2,25),(44,3,25),(44,4,25),(44,5,25),(44,6,25),(44,7,25),(44,8,25),(44,9,25),(44,10,25),(44,11,25),(44,12,25),(44,13,25),(44,14,25),(44,15,25),(44,16,25),(44,17,25),(44,18,25),(44,19,25),(44,20,25),(44,21,25),(44,22,25),(44,23,25),(44,24,25),(44,25,25),(44,26,25),(44,27,25),(44,28,25),(44,29,25),(44,30,25),(44,31,25),(44,32,25),(44,33,25),(44,34,25),(44,35,25),(44,36,25),(44,37,25),(44,38,25),(44,39,25),(44,40,25),(44,41,25),(44,42,25),(44,43,25),(44,44,25),(44,45,25),(44,46,25),(44,47,25),(44,48,25),(44,49,25),(44,50,25),(44,51,25),(44,52,25),(44,53,25),(44,54,25),(44,55,25),(44,56,25),(44,57,25),(44,58,25),(44,59,25),(44,60,25),(44,61,25),(44,62,25),(44,63,25),(44,64,25),(44,65,25),(44,66,25),(44,67,25),(44,68,25),(44,69,25),(44,70,25),(45,1,25),(45,2,25),(45,3,25),(45,4,25),(45,5,25),(45,6,25),(45,7,25),(45,8,25),(45,9,25),(45,10,25),(45,11,25),(45,12,25),(45,13,25),(45,14,25),(45,15,25),(45,16,25),(45,17,25),(45,18,25),(45,19,25),(45,20,25),(45,21,25),(45,22,25),(45,23,25),(45,24,25),(45,25,25),(45,26,25),(45,27,25),(45,28,25),(45,29,25),(45,30,25),(45,31,25),(45,32,25),(45,33,25),(45,34,25),(45,35,25),(45,36,25),(45,37,25),(45,38,25),(45,39,25),(45,40,25),(45,41,25),(45,42,25),(45,43,25),(45,44,25),(45,45,25),(45,46,21),(45,47,25),(45,48,25),(45,49,25),(45,50,25),(45,51,25),(45,52,25),(45,53,25),(45,54,25),(45,55,25),(45,56,25),(45,57,25),(45,58,25),(45,59,25),(45,60,25),(45,61,25),(45,62,25),(45,63,25),(45,64,25),(45,65,25),(45,66,25),(45,67,25),(45,68,25),(45,69,25),(45,70,25),(45,71,25),(45,72,25),(45,73,25),(45,74,25),(45,75,25),(45,76,25),(45,77,25),(45,78,25),(46,1,23),(46,2,23),(46,3,23),(46,4,23),(46,5,23),(46,6,23),(46,7,23),(46,8,23),(46,9,23),(46,10,23),(46,11,23),(46,12,23),(47,1,24),(47,2,24),(47,3,24),(47,4,24),(47,5,24),(47,6,24),(47,7,24),(47,8,24),(47,9,24),(47,10,24),(47,11,24),(47,12,24),(48,1,24),(48,2,24),(48,3,24),(48,4,24),(48,5,24),(48,6,24),(48,7,24),(48,8,24),(48,9,24),(48,10,24),(48,11,24),(48,12,24),(49,1,24),(49,2,24),(49,3,24),(49,4,24),(49,5,24),(49,6,24),(49,7,24),(49,8,24),(49,9,24),(49,10,24),(49,11,24),(49,12,24),(49,13,24),(50,1,23),(50,2,23),(50,3,23),(50,4,23),(50,5,23),(50,6,23),(50,7,23),(50,8,23),(50,9,23),(50,10,23),(50,11,23),(50,12,23),(50,13,23),(50,14,23),(50,15,23),(50,16,23),(50,17,23),(50,18,23),(50,19,23),(50,20,23),(50,21,23),(50,22,23),(50,23,23),(50,24,23),(50,25,23),(50,26,23),(50,27,23),(50,28,23),(50,29,23),(50,30,23),(50,31,23),(50,32,23),(50,33,23),(50,34,23),(50,35,60);
/*!40000 ALTER TABLE `episode` ENABLE KEYS */;
UNLOCK TABLES;

--
-- Table structure for table `genre`
--

DROP TABLE IF EXISTS `genre`;
/*!40101 SET @saved_cs_client     = @@character_set_client */;
/*!50503 SET character_set_client = utf8mb4 */;
CREATE TABLE `genre` (
  `AnimeId` int NOT NULL,
  `label` varchar(64) NOT NULL,
  PRIMARY KEY (`AnimeId`,`label`),
  CONSTRAINT `genre_ibfk_1` FOREIGN KEY (`AnimeId`) REFERENCES `anime` (`AnimeId`)
) ENGINE=InnoDB DEFAULT CHARSET=utf8mb4 COLLATE=utf8mb4_0900_ai_ci;
/*!40101 SET character_set_client = @saved_cs_client */;

--
-- Dumping data for table `genre`
--

LOCK TABLES `genre` WRITE;
/*!40000 ALTER TABLE `genre` DISABLE KEYS */;
INSERT INTO `genre` VALUES (1,'Comedy'),(1,'Romance'),(1,'Shounen'),(1,'Supernatural'),(2,'Comedy'),(2,'Parody'),(2,'Romance'),(2,'School'),(2,'Shounen'),(3,'Comedy'),(3,'Magic'),(3,'School'),(3,'Shoujo'),(4,'Comedy'),(4,'Drama'),(4,'Fantasy'),(4,'Magic'),(4,'Romance'),(5,'Comedy'),(5,'Drama'),(5,'Romance'),(5,'Shounen'),(6,'Action'),(6,'Cars'),(6,'Drama'),(6,'Seinen'),(6,'Sports'),(7,'Comedy'),(7,'Magic'),(7,'Romance'),(7,'School'),(7,'Shoujo'),(8,'Action'),(8,'Drama'),(8,'Fantasy'),(8,'Romance'),(8,'School'),(8,'Supernatural'),(9,'Comedy'),(9,'Josei'),(9,'Music'),(9,'Romance'),(9,'Slice of Life'),(10,'Comedy'),(10,'Harem'),(10,'Romance'),(10,'School'),(10,'Shoujo'),(11,'Ai'),(11,'Comedy'),(11,'Drama'),(11,'Romance'),(11,'Shounen'),(12,'Comedy'),(12,'Romance'),(12,'School'),(12,'Shoujo'),(13,'Comedy'),(13,'Romance'),(13,'School'),(13,'Shoujo'),(13,'Slice of Life'),(14,'Action'),(14,'Adventure'),(14,'Comedy'),(14,'Power'),(14,'Shounen'),(14,'Super'),(14,'Supernatural'),(15,'Comedy'),(15,'Drama'),(15,'Ecchi'),(15,'Romance'),(15,'Sci-Fi'),(15,'Seinen'),(16,'Drama'),(16,'Romance'),(16,'School'),(16,'Shoujo'),(16,'Slice of Life'),(17,'Action'),(17,'Adventure'),(17,'Arts'),(17,'Comedy'),(17,'Martial'),(17,'Power'),(17,'Shounen'),(17,'Super'),(18,'Arts'),(18,'Comedy'),(18,'Fantasy'),(18,'Martial'),(18,'Slice of Life'),(19,'Comedy'),(19,'Romance'),(19,'School'),(19,'Slice of Life'),(20,'Comedy'),(20,'Drama'),(20,'Romance'),(20,'Shounen'),(21,'Comedy'),(21,'Power'),(21,'School'),(21,'Shoujo'),(21,'Super'),(22,'Comedy'),(22,'Drama'),(22,'Romance'),(22,'Shoujo'),(23,'Drama'),(23,'Game'),(23,'Josei'),(23,'School'),(23,'Slice of Life'),(23,'Sports'),(24,'Action'),(24,'Demons'),(24,'Fantasy'),(24,'Historical'),(24,'Magic'),(24,'Shoujo'),(24,'Supernatural'),(25,'Drama'),(25,'Game'),(25,'Josei'),(25,'School'),(25,'Slice of Life'),(25,'Sports'),(26,'Comedy'),(26,'Romance'),(26,'Shoujo'),(27,'Action'),(27,'Comedy'),(27,'Demons'),(27,'School'),(27,'Shounen'),(27,'Supernatural'),(28,'Drama'),(28,'Romance'),(28,'Shoujo'),(29,'Comedy'),(29,'School'),(29,'Shounen'),(30,'Comedy'),(30,'Drama'),(30,'Romance'),(30,'Shoujo'),(30,'Slice of Life'),(30,'Supernatural'),(31,'Adventure'),(31,'Comedy'),(31,'Drama'),(31,'Fantasy'),(31,'Historical'),(31,'Romance'),(32,'Action'),(32,'Adventure'),(32,'Comedy'),(32,'Drama'),(32,'Fantasy'),(32,'Power'),(32,'Shounen'),(32,'Super'),(33,'Drama'),(33,'Shoujo'),(34,'Action'),(34,'Comedy'),(34,'Ecchi'),(34,'Shounen'),(34,'Sports'),(35,'Adventure'),(35,'Comedy'),(35,'Drama'),(35,'Fantasy'),(35,'Historical'),(35,'Romance'),(36,'Action'),(36,'Adventure'),(36,'Comedy'),(36,'Demons'),(36,'Fantasy'),(36,'Historical'),(36,'Magic'),(36,'Romance'),(36,'Shounen'),(36,'Supernatural'),(37,'Comedy'),(37,'Ecchi'),(37,'School'),(37,'Seinen'),(38,'Comedy'),(38,'Josei'),(38,'Music'),(38,'Romance'),(39,'Comedy'),(39,'Horror'),(39,'Mystery'),(39,'Shoujo'),(39,'Supernatural'),(40,'Action'),(40,'Game'),(40,'Romance'),(40,'School'),(40,'Sci-Fi'),(41,'Comedy'),(41,'Drama'),(41,'Romance'),(41,'Shounen'),(42,'Comedy'),(42,'Drama'),(42,'Josei'),(42,'Music'),(42,'Romance'),(42,'Slice of Life'),(43,'Comedy'),(43,'Demons'),(43,'Fantasy'),(43,'Romance'),(43,'Shoujo'),(43,'Supernatural'),(44,'Adventure'),(44,'Comedy'),(44,'Drama'),(44,'Fantasy'),(44,'Magic'),(44,'Romance'),(44,'School'),(44,'Shoujo'),(45,'Comedy'),(45,'Sci-Fi'),(45,'Shoujo'),(46,'Drama'),(46,'Romance'),(46,'School'),(46,'Shoujo'),(46,'Slice of Life'),(47,'Comedy'),(47,'Romance'),(47,'School'),(47,'Sci-Fi '),(47,'Slice of Life'),(48,'Ai'),(48,'Comedy'),(48,'Drama'),(48,'Romance'),(48,'Shounen'),(49,'Action'),(49,'Adventure'),(49,'Demons'),(49,'Power'),(49,'Shounen'),(49,'Super'),(50,'Mecha'),(50,'Military'),(50,'Mystery'),(50,'Sci-Fi'),(50,'Space');
/*!40000 ALTER TABLE `genre` ENABLE KEYS */;
UNLOCK TABLES;

--
-- Table structure for table `location`
--

DROP TABLE IF EXISTS `location`;
/*!40101 SET @saved_cs_client     = @@character_set_client */;
/*!50503 SET character_set_client = utf8mb4 */;
CREATE TABLE `location` (
  `StudioId` int NOT NULL,
  `AddressId` int NOT NULL,
  PRIMARY KEY (`StudioId`,`AddressId`),
  KEY `AddressId` (`AddressId`),
  CONSTRAINT `location_ibfk_1` FOREIGN KEY (`StudioId`) REFERENCES `studio` (`StudioId`) ON DELETE CASCADE ON UPDATE CASCADE,
  CONSTRAINT `location_ibfk_2` FOREIGN KEY (`AddressId`) REFERENCES `address` (`AddressId`) ON DELETE CASCADE ON UPDATE CASCADE
) ENGINE=InnoDB DEFAULT CHARSET=utf8mb4 COLLATE=utf8mb4_0900_ai_ci;
/*!40101 SET character_set_client = @saved_cs_client */;

--
-- Dumping data for table `location`
--

LOCK TABLES `location` WRITE;
/*!40000 ALTER TABLE `location` DISABLE KEYS */;
INSERT INTO `location` VALUES (1,1),(21,1),(22,1),(1,2),(2,2),(3,3),(4,4),(5,5),(6,6),(7,7),(8,8),(9,9),(10,10),(23,10),(11,11),(12,12),(13,13),(14,14),(15,15),(16,16),(17,17),(18,18),(19,19),(20,20),(21,21),(22,22);
/*!40000 ALTER TABLE `location` ENABLE KEYS */;
UNLOCK TABLES;

--
-- Table structure for table `participated`
--

DROP TABLE IF EXISTS `participated`;
/*!40101 SET @saved_cs_client     = @@character_set_client */;
/*!50503 SET character_set_client = utf8mb4 */;
CREATE TABLE `participated` (
  `VoiceActorId` int NOT NULL,
  `AnimeId` int NOT NULL,
  PRIMARY KEY (`VoiceActorId`,`AnimeId`),
  KEY `AnimeId` (`AnimeId`),
  CONSTRAINT `participated_ibfk_1` FOREIGN KEY (`VoiceActorId`) REFERENCES `voice_actor` (`VoiceActorId`) ON DELETE CASCADE ON UPDATE CASCADE,
  CONSTRAINT `participated_ibfk_2` FOREIGN KEY (`AnimeId`) REFERENCES `anime` (`AnimeId`) ON DELETE CASCADE ON UPDATE CASCADE
) ENGINE=InnoDB DEFAULT CHARSET=utf8mb4 COLLATE=utf8mb4_0900_ai_ci;
/*!40101 SET character_set_client = @saved_cs_client */;

--
-- Dumping data for table `participated`
--

LOCK TABLES `participated` WRITE;
/*!40000 ALTER TABLE `participated` DISABLE KEYS */;
INSERT INTO `participated` VALUES (1,1),(2,1),(3,1),(4,1),(5,1),(10,1),(20,1),(1,2),(6,2),(7,2),(8,2),(9,2),(23,2),(31,2),(53,2),(54,2),(55,2),(1,3),(9,3),(10,3),(11,3),(12,3),(22,3),(28,3),(31,3),(58,3),(59,3),(1,4),(3,4),(4,4),(7,4),(9,4),(10,4),(13,4),(14,4),(15,4),(1,5),(4,5),(10,5),(13,5),(14,5),(15,5),(16,5),(17,5),(36,5),(37,5),(17,6),(18,6),(19,6),(20,6),(21,6),(4,7),(7,7),(10,7),(17,7),(21,7),(13,8),(22,8),(23,8),(24,8),(25,8),(8,9),(9,9),(10,9),(17,9),(21,9),(31,10),(26,11),(27,11),(28,11),(29,11),(30,11),(31,12),(32,12),(33,12),(34,12),(35,12),(3,13),(7,13),(15,13),(24,13),(34,13),(4,14),(8,14),(9,14),(16,14),(32,14),(1,15),(4,15),(22,15),(24,15),(28,15),(1,16),(25,16),(36,16),(37,16),(38,16),(39,17),(40,17),(41,17),(42,17),(43,17),(44,18),(45,18),(46,18),(47,18),(48,18),(22,19),(49,19),(50,19),(51,19),(52,19),(21,20),(22,21),(56,21),(57,21),(58,21),(59,21),(22,22),(23,22),(31,22),(47,22),(52,22),(26,23),(27,23),(28,23),(29,23),(30,23),(1,24),(25,24),(28,24),(36,24),(37,24),(22,25),(57,25),(58,25),(59,25),(27,26),(28,26),(31,26),(47,26),(57,26),(1,27),(3,27),(9,27),(11,27),(12,27),(23,28),(31,28),(54,28),(55,28),(56,28),(1,29),(4,29),(5,29),(6,29),(7,29),(30,30),(42,31),(43,31),(44,31),(45,31),(46,31),(25,32),(28,32),(29,32),(30,32),(4,33),(8,33),(16,33),(24,33),(24,34),(33,34),(34,34),(35,34),(1,35),(22,35),(37,35),(57,35),(58,35),(1,36),(25,36),(28,36),(36,36),(37,36),(4,37),(17,37),(21,37),(22,37),(23,37),(1,38),(4,38),(5,38),(6,38),(7,38),(22,39),(37,39),(57,39),(58,39),(59,39),(39,40),(23,41),(31,41),(51,41),(52,41),(53,41),(1,42),(4,42),(17,42),(36,42),(37,42),(28,43),(29,43),(30,43),(45,43),(46,43),(22,44),(54,44),(55,44),(56,44),(57,44),(4,45),(11,45),(31,45),(37,45),(46,45),(4,46),(8,46),(22,46),(24,46),(1,47),(4,47),(5,47),(6,47),(7,47),(1,48),(11,48),(12,48),(37,48),(57,48),(9,49),(22,49),(25,49),(28,49),(58,49),(4,50),(1,51),(59,51);
/*!40000 ALTER TABLE `participated` ENABLE KEYS */;
UNLOCK TABLES;

--
-- Table structure for table `plan_to_watch`
--

DROP TABLE IF EXISTS `plan_to_watch`;
/*!40101 SET @saved_cs_client     = @@character_set_client */;
/*!50503 SET character_set_client = utf8mb4 */;
CREATE TABLE `plan_to_watch` (
  `UserId` int NOT NULL,
  `AnimeId` int NOT NULL,
  PRIMARY KEY (`UserId`,`AnimeId`),
  KEY `AnimeId` (`AnimeId`),
  CONSTRAINT `plan_to_watch_ibfk_1` FOREIGN KEY (`UserId`) REFERENCES `user` (`UserId`) ON DELETE CASCADE ON UPDATE CASCADE,
  CONSTRAINT `plan_to_watch_ibfk_2` FOREIGN KEY (`AnimeId`) REFERENCES `anime` (`AnimeId`) ON DELETE CASCADE ON UPDATE CASCADE
) ENGINE=InnoDB DEFAULT CHARSET=utf8mb4 COLLATE=utf8mb4_0900_ai_ci;
/*!40101 SET character_set_client = @saved_cs_client */;

--
-- Dumping data for table `plan_to_watch`
--

LOCK TABLES `plan_to_watch` WRITE;
/*!40000 ALTER TABLE `plan_to_watch` DISABLE KEYS */;
INSERT INTO `plan_to_watch` VALUES (18,1),(25,1),(6,3),(17,4),(42,4),(67,4),(40,5),(65,5),(75,5),(10,6),(57,6),(86,6),(46,7),(66,8),(92,8),(21,9),(61,9),(63,9),(94,9),(29,10),(26,11),(51,11),(84,11),(87,11),(100,11),(30,12),(52,13),(72,13),(36,14),(68,14),(85,14),(38,15),(43,15),(97,15),(8,16),(14,16),(34,16),(45,16),(62,16),(78,16),(11,17),(27,17),(58,19),(93,19),(35,20),(9,21),(22,21),(33,22),(56,22),(4,23),(20,23),(89,23),(74,24),(19,25),(28,25),(64,25),(81,25),(39,26),(95,26),(41,27),(79,27),(3,28),(59,28),(44,29),(55,29),(69,29),(15,30),(16,30),(71,30),(76,31),(13,32),(99,32),(7,33),(12,34),(50,35),(91,35),(31,36),(73,37),(96,37),(32,38),(82,38),(90,38),(53,39),(2,41),(49,41),(98,41),(70,44),(80,44),(83,44),(5,45),(54,45),(88,45),(23,46),(37,46),(47,46),(60,47),(1,48),(24,48),(48,48),(77,49);
/*!40000 ALTER TABLE `plan_to_watch` ENABLE KEYS */;
UNLOCK TABLES;

--
-- Table structure for table `rates`
--

DROP TABLE IF EXISTS `rates`;
/*!40101 SET @saved_cs_client     = @@character_set_client */;
/*!50503 SET character_set_client = utf8mb4 */;
CREATE TABLE `rates` (
  `UserId` int NOT NULL,
  `AnimeId` int NOT NULL,
  `Rating` int DEFAULT NULL,
  PRIMARY KEY (`UserId`,`AnimeId`),
  KEY `AnimeId` (`AnimeId`),
  CONSTRAINT `rates_ibfk_1` FOREIGN KEY (`UserId`) REFERENCES `user` (`UserId`) ON DELETE CASCADE ON UPDATE CASCADE,
  CONSTRAINT `rates_ibfk_2` FOREIGN KEY (`AnimeId`) REFERENCES `anime` (`AnimeId`) ON DELETE CASCADE ON UPDATE CASCADE
) ENGINE=InnoDB DEFAULT CHARSET=utf8mb4 COLLATE=utf8mb4_0900_ai_ci;
/*!40101 SET character_set_client = @saved_cs_client */;

--
-- Dumping data for table `rates`
--

LOCK TABLES `rates` WRITE;
/*!40000 ALTER TABLE `rates` DISABLE KEYS */;
INSERT INTO `rates` VALUES (1,14,9),(1,19,3),(1,27,5),(1,37,8),(1,39,4),(1,50,0),(2,5,2),(2,6,6),(2,13,4),(2,23,1),(2,30,3),(3,9,8),(3,26,9),(3,29,6),(3,32,5),(3,34,7),(4,4,9),(4,13,3),(4,16,5),(4,19,2),(4,28,6),(5,3,3),(5,5,4),(5,15,9),(5,33,7),(5,40,1),(6,5,5),(6,21,3),(6,24,9),(6,26,7),(6,40,2),(7,9,3),(7,23,8),(7,28,6),(7,41,4),(7,48,1),(8,3,6),(8,20,1),(8,30,7),(8,44,8),(8,48,9),(9,5,6),(9,6,4),(9,10,9),(9,15,8),(9,36,2),(10,1,1),(10,12,7),(10,21,3),(10,31,8),(10,33,5),(11,18,6),(11,23,8),(11,27,5),(11,40,1),(11,45,2),(12,5,4),(12,10,3),(12,15,6),(12,18,5),(12,39,9),(13,24,6),(13,27,4),(13,37,5),(13,39,1),(13,43,7),(14,1,6),(14,2,8),(14,29,2),(14,32,9),(14,47,7),(15,2,8),(15,11,1),(15,20,6),(15,24,2),(15,29,4),(16,13,3),(16,16,1),(16,23,2),(16,31,9),(16,42,7),(17,6,3),(17,11,2),(17,19,7),(17,22,5),(17,31,1),(18,15,5),(18,16,1),(18,18,9),(18,21,4),(18,27,7),(19,3,2),(19,4,6),(19,12,3),(19,14,1),(19,22,5),(20,5,9),(20,10,8),(20,28,2),(20,41,1),(20,42,6),(21,6,8),(21,10,4),(21,14,5),(21,34,6),(21,44,2),(22,6,5),(22,7,7),(22,31,8),(22,32,1),(22,37,4),(23,4,9),(23,13,5),(23,20,7),(23,44,1),(23,48,2),(24,6,9),(24,7,2),(24,29,5),(24,33,8),(24,36,1),(25,5,1),(25,9,3),(25,29,6),(25,35,9),(25,49,2),(26,4,7),(26,18,5),(26,19,2),(26,22,4),(26,27,6),(27,2,7),(27,9,5),(27,13,1),(27,31,3),(27,46,4),(28,17,7),(28,28,6),(28,35,3),(28,44,5),(28,47,2),(29,2,5),(29,17,8),(29,25,9),(29,28,6),(29,48,7),(30,7,2),(30,16,5),(30,25,7),(30,29,6),(30,43,8),(31,11,7),(31,12,5),(31,14,3),(31,26,4),(31,37,6),(32,23,7),(32,40,6),(32,44,4),(32,46,5),(32,49,3),(33,1,4),(33,17,9),(33,20,2),(33,24,3),(33,46,1),(34,9,3),(34,12,4),(34,24,2),(34,32,6),(34,47,5),(35,4,5),(35,15,7),(35,23,4),(35,37,8),(35,47,9),(36,29,6),(36,37,8),(36,38,2),(36,46,7),(36,47,9),(37,7,1),(37,10,8),(37,15,2),(37,18,4),(37,35,9),(38,6,6),(38,10,3),(38,18,9),(38,34,7),(38,38,4),(39,20,7),(39,24,1),(39,33,4),(39,43,9),(39,45,2),(40,18,8),(40,20,1),(40,33,9),(40,43,6),(40,45,5),(41,13,8),(41,21,6),(41,28,7),(41,34,3),(41,46,1),(42,6,4),(42,10,3),(42,17,2),(42,26,1),(42,43,5),(43,8,6),(43,22,8),(43,24,4),(43,28,7),(43,44,9),(44,2,3),(44,12,2),(44,34,5),(44,40,4),(44,46,9),(45,3,8),(45,29,6),(45,35,9),(45,36,3),(45,41,4),(46,18,4),(46,26,9),(46,33,5),(46,34,3),(46,49,6),(47,4,3),(47,15,5),(47,24,1),(47,30,7),(47,40,9),(48,17,7),(48,29,2),(48,31,5),(48,39,1),(48,45,3),(49,10,9),(49,13,3),(49,33,7),(49,36,6),(49,44,8),(50,4,6),(50,7,7),(50,9,9),(50,40,8),(50,46,5),(51,12,3),(51,24,5),(51,28,4),(51,33,8),(51,49,9),(52,11,1),(52,24,9),(52,27,2),(52,31,5),(52,32,4),(53,2,6),(53,13,1),(53,14,7),(53,15,2),(53,38,4),(54,12,2),(54,16,4),(54,21,9),(54,32,3),(54,44,7),(55,27,1),(55,35,6),(55,39,5),(55,47,7),(55,48,9),(56,16,5),(56,26,8),(56,40,2),(56,48,4),(56,49,9),(57,4,6),(57,5,4),(57,12,1),(57,18,7),(57,34,5),(58,8,7),(58,11,4),(58,36,8),(58,37,3),(58,42,10),(59,14,8),(59,15,1),(59,20,4),(59,29,9),(59,39,2),(60,28,4),(60,35,8),(60,38,2),(60,46,1),(60,48,5),(61,11,5),(61,20,8),(61,29,3),(61,41,4),(61,43,1),(62,19,2),(62,20,9),(62,27,5),(62,32,6),(62,37,4),(63,5,7),(63,17,9),(63,26,8),(63,27,4),(63,43,5),(64,8,5),(64,29,2),(64,37,1),(64,38,8),(64,48,3),(65,2,9),(65,4,6),(65,7,5),(65,14,4),(65,35,8),(66,4,2),(66,27,4),(66,28,1),(66,35,7),(66,42,8),(67,3,4),(67,12,3),(67,16,7),(67,23,1),(67,36,2),(68,13,1),(68,15,5),(68,26,2),(68,30,6),(68,48,7),(69,2,2),(69,11,8),(69,13,9),(69,23,5),(69,40,1),(70,6,4),(70,10,5),(70,20,2),(70,21,7),(70,38,6),(71,2,9),(71,6,7),(71,21,5),(71,31,4),(71,35,3),(72,2,4),(72,18,8),(72,28,5),(72,36,9),(72,47,7),(73,2,8),(73,5,4),(73,15,6),(73,22,5),(73,36,2),(74,13,8),(74,21,7),(74,35,1),(74,37,2),(74,39,3),(75,6,5),(75,27,8),(75,34,1),(75,35,9),(75,39,6),(76,6,9),(76,8,7),(76,16,2),(76,37,3),(76,47,1),(77,3,1),(77,9,5),(77,21,8),(77,24,2),(77,34,3),(78,3,3),(78,21,4),(78,29,6),(78,37,9),(78,41,8),(79,13,2),(79,19,3),(79,32,8),(79,44,4),(79,46,9),(80,2,8),(80,5,5),(80,11,2),(80,25,6),(80,29,7),(81,19,5),(81,24,2),(81,33,7),(81,39,3),(81,47,9),(82,20,6),(82,22,2),(82,26,9),(82,32,4),(82,39,5),(83,19,8),(83,21,1),(83,25,5),(83,27,7),(83,43,2),(84,5,8),(84,9,6),(84,13,9),(84,19,3),(84,41,4),(85,3,6),(85,11,3),(85,23,2),(85,27,1),(85,28,9),(86,7,2),(86,9,7),(86,12,8),(86,47,9),(86,49,4),(87,3,8),(87,16,9),(87,31,7),(87,40,6),(87,46,4),(88,1,7),(88,9,1),(88,18,5),(88,48,9),(88,49,6),(89,7,8),(89,29,5),(89,33,7),(89,37,2),(89,44,9),(90,2,7),(90,30,2),(90,31,5),(90,41,1),(90,46,9),(91,5,6),(91,6,5),(91,12,8),(91,16,1),(91,24,9),(92,7,2),(92,29,5),(92,36,6),(92,40,4),(92,41,8),(93,8,8),(93,9,5),(93,13,6),(93,16,3),(93,34,2),(94,13,4),(94,20,5),(94,24,7),(94,31,1),(94,47,3),(95,8,6),(95,18,7),(95,19,1),(95,32,3),(95,34,5),(96,23,9),(96,25,2),(96,29,1),(96,31,4),(96,47,7),(97,4,4),(97,13,9),(97,32,3),(97,37,7),(97,46,6),(98,2,6),(98,17,5),(98,27,4),(98,29,1),(98,39,2),(99,11,8),(99,14,2),(99,17,9),(99,26,6),(99,28,4),(100,3,2),(100,17,1),(100,32,5),(100,37,6),(100,46,4);
/*!40000 ALTER TABLE `rates` ENABLE KEYS */;
UNLOCK TABLES;

--
-- Table structure for table `source`
--

DROP TABLE IF EXISTS `source`;
/*!40101 SET @saved_cs_client     = @@character_set_client */;
/*!50503 SET character_set_client = utf8mb4 */;
CREATE TABLE `source` (
  `SourceId` int NOT NULL AUTO_INCREMENT,
  `DataStarted` date NOT NULL,
  `DataFinished` date DEFAULT NULL,
  `Type` varchar(64) NOT NULL,
  PRIMARY KEY (`SourceId`)
) ENGINE=InnoDB AUTO_INCREMENT=52 DEFAULT CHARSET=utf8mb4 COLLATE=utf8mb4_0900_ai_ci;
/*!40101 SET character_set_client = @saved_cs_client */;

--
-- Dumping data for table `source`
--

LOCK TABLES `source` WRITE;
/*!40000 ALTER TABLE `source` DISABLE KEYS */;
INSERT INTO `source` VALUES (1,'2008-01-13','2010-03-30','Manga'),(2,'2000-04-02','2005-10-01','Manga'),(3,'2000-10-04','2007-09-25','Manga'),(4,'2002-06-16','2003-05-23','Original'),(5,'2009-10-06','2012-03-30','Manga'),(6,'1997-04-19','1998-12-06','Manga'),(7,'2002-05-20','2002-11-11','Manga'),(8,'2005-10-05','2007-03-28','Light novel'),(9,'2005-10-10','2006-12-19','Manga'),(10,'2002-04-05','2005-09-27','Manga'),(11,'2006-10-12','2008-12-26','Manga'),(12,'2008-04-02','2017-09-24','Manga'),(13,'2012-10-02','2011-12-25','Manga'),(14,'2003-10-05','2010-03-27','Manga'),(15,'2000-04-03','2001-09-25','Manga'),(16,'2007-10-07','0208-03-31','Manga'),(17,'2005-02-15','2015-03-23','Manga'),(18,'1987-04-15','1990-09-25','Manga'),(19,'2005-10-02','2007-03-26','Light novel'),(20,'2010-10-01','2011-03-24','Manga'),(21,'2001-10-30','2003-05-14','Manga'),(22,'2005-10-06','2007-03-30','Manga'),(23,'2008-01-12','2010-06-29','Manga'),(24,'2004-10-03','2006-03-13','Light novel'),(25,'2009-10-05','2010-03-28','Manga'),(26,'2007-04-05','2007-09-25','Manga'),(27,'2008-01-09','2009-03-25','Manga'),(28,'2007-04-05','2009-02-14','Manga'),(29,'2008-04-07','2010-09-27','Manga'),(30,'2000-11-05','2000-12-27','Manga'),(31,'2005-04-08','2006-02-24','Light novel'),(32,'1999-10-20',NULL,'Manga'),(33,'2002-04-06','2005-03-29','Manga'),(34,'2005-04-05','2005-09-27','Manga'),(35,'2005-04-07','2006-03-08','Light novel'),(36,'2000-10-10','2000-10-16','Manga'),(37,'2008-01-04','2009-03-22','Manga'),(38,'2008-01-15','2009-03-26','Manga'),(39,'2002-10-04','2005-03-28','Novel'),(40,'2011-04-07','2011-09-22','Light novel'),(41,'2008-10-02','2009-04-02','Manga'),(42,'2005-01-12','2005-06-15','Manga'),(43,'2007-10-02','2008-12-25','Manga'),(44,'1991-04-07','1999-03-21','Manga'),(45,'1998-03-28','2001-02-26','Manga'),(46,'2005-01-12','2011-03-30','Manga'),(47,'2005-11-04','2006-09-19','Original'),(48,'2005-04-11','2007-06-27','Manga'),(49,'2012-07-05','2015-09-27','Manga'),(50,'1977-03-03','1977-12-29','Original'),(51,'2012-10-29','2013-08-23','Web novel');
/*!40000 ALTER TABLE `source` ENABLE KEYS */;
UNLOCK TABLES;

--
-- Table structure for table `studio`
--

DROP TABLE IF EXISTS `studio`;
/*!40101 SET @saved_cs_client     = @@character_set_client */;
/*!50503 SET character_set_client = utf8mb4 */;
CREATE TABLE `studio` (
  `StudioId` int NOT NULL AUTO_INCREMENT,
  `Name` varchar(150) NOT NULL,
  PRIMARY KEY (`StudioId`),
  UNIQUE KEY `Name` (`Name`)
) ENGINE=InnoDB AUTO_INCREMENT=24 DEFAULT CHARSET=utf8mb4 COLLATE=utf8mb4_0900_ai_ci;
/*!40101 SET character_set_client = @saved_cs_client */;

--
-- Dumping data for table `studio`
--

LOCK TABLES `studio` WRITE;
/*!40000 ALTER TABLE `studio` DISABLE KEYS */;
INSERT INTO `studio` VALUES (8,'Bones'),(10,'Brain & Body'),(1,'David Production'),(18,'Funimation'),(2,'Gonzo'),(14,'Group TAC'),(4,'Hal Film Maker'),(5,'J.C.Staff'),(23,'Kinema Citrus'),(12,'Madhouse'),(16,'Pierrot Plus'),(13,'Production I.G'),(7,'Production Reed'),(3,'Satelight'),(9,'Studio Deen'),(6,'Studio Gallop'),(11,'Studio Pierrot'),(21,'Sunrise'),(17,'Tatsunoko Production'),(15,'TMS Entertainment'),(19,'Toei Animation'),(20,'Tokyo Movie Shinsha'),(22,'Zexcs');
/*!40000 ALTER TABLE `studio` ENABLE KEYS */;
UNLOCK TABLES;

--
-- Table structure for table `user`
--

DROP TABLE IF EXISTS `user`;
/*!40101 SET @saved_cs_client     = @@character_set_client */;
/*!50503 SET character_set_client = utf8mb4 */;
CREATE TABLE `user` (
  `UserId` int NOT NULL AUTO_INCREMENT,
  `Name` varchar(64) NOT NULL,
  `Login` varchar(64) NOT NULL,
  `BirthDate` date NOT NULL,
  `Sex` enum('M','F') NOT NULL,
  `Phone` varchar(20) DEFAULT NULL,
  `Email` varchar(64) NOT NULL,
  `AvgRating` float NOT NULL,
  `HighestRating` float NOT NULL,
  `LowestRating` float NOT NULL,
  PRIMARY KEY (`UserId`),
  UNIQUE KEY `Login` (`Login`)
) ENGINE=InnoDB AUTO_INCREMENT=101 DEFAULT CHARSET=utf8mb4 COLLATE=utf8mb4_0900_ai_ci;
/*!40101 SET character_set_client = @saved_cs_client */;

--
-- Dumping data for table `user`
--

LOCK TABLES `user` WRITE;
/*!40000 ALTER TABLE `user` DISABLE KEYS */;
INSERT INTO `user` VALUES (1,'Garnet Garred','karthiga','1983-10-26','F','477-496-5692','ggarred0@weibo.com',5.8,9,3),(2,'Waite Duprey','RedvelvetDaisuki','1986-06-28','M','651-454-9907','wduprey1@wordpress.com',3.2,6,1),(3,'Bailie Candy','Damonashu','1979-05-12','M',NULL,'bcandy2@elpais.com',7,9,5),(4,'Callie McWhinnie','bskai','1977-09-26','F','586-279-6695','cmcwhinnie3@privacy.gov.au',5,9,2),(5,'Edan Tasseler','shuzzable','1997-10-24','M','324-522-0821','etasseler4@deliciousdays.com',4.8,9,1),(6,'Marlo Caldecot','terune_uzumaki','1978-03-28','F','587-615-8487','mcaldecot5@dedecms.com',5.2,9,2),(7,'Norby Jakel','Bas_G','1993-03-13','M','561-584-5302','njakel6@linkedin.com',4.4,8,1),(8,'Camala Joinsey','punane','1980-06-22','F','178-904-2487','cjoinsey7@zdnet.com',6.2,9,1),(9,'Amandi McQuode','-otaku-sama-','1995-03-10','F','214-229-5911','amcquode8@ehow.com',5.8,9,2),(10,'Lee O\'Halligan','sprite1989','1987-06-02','M','778-377-1161','lohalligan9@flickr.com',4.8,8,1),(11,'Carma Schule','thetreedude','1992-05-20','F','384-964-5148','cschulea@cloudflare.com',4.4,8,1),(12,'Cletus Vineall','Heihouka','1997-09-24','M','990-692-2560','cvineallb@nhs.uk',5.4,9,3),(13,'Jaquelin Kelledy','HimeAria','1981-10-21','F','125-515-0071','jkelledyc@howstuffworks.com',4.6,7,1),(14,'Farley Whitwham','Skallington','1988-05-21','M','504-562-2611','fwhitwhamd@chron.com',6.4,9,2),(15,'Cort Drewry','Slimak','1984-10-28','M',NULL,'cdrewrye@cdbaby.com',4.2,8,1),(16,'Free Espinheira','Elysiun','1994-11-02','M','368-209-1153','fespinheiraf@angelfire.com',4.4,9,1),(17,'Zelma Yurikov','jimothy000','1983-03-10','F',NULL,'zyurikovg@sciencedirect.com',3.6,7,1),(18,'Dirk Lente','MistButterfly','1990-11-07','M','699-249-7238','dlenteh@slideshare.net',5.2,9,1),(19,'Andreana Marchent','BadAngel','1983-06-18','F','515-890-0085','amarchenti@sakura.ne.jp',3.4,6,1),(20,'Selma Treat','Not_Rijad','1978-11-22','F','548-663-9314','streatj@wired.com',5.2,9,1),(21,'Tabby Dodd','ProperBritish','1986-08-13','M','178-725-8249','tdoddk@shop-pro.jp',5,8,2),(22,'Stefa Shelley','Cranberry_cakes','1997-09-20','F','751-747-0802','sshelleyl@indiegogo.com',5,8,1),(23,'Gretal Clausen-Thue','yen_otaku','1981-09-17','F','777-299-4740','gclausenthuem@chronoengine.com',4.8,9,1),(24,'Leonhard Orans','kioniel','1983-03-01','M','296-901-6032','loransn@goo.ne.jp',5,9,1),(25,'Whittaker Spurret','iLLMaTiCc','1981-03-06','M','916-766-3718','wspurreto@uol.com.br',4.2,9,1),(26,'Clare Miguet','Xinil','1975-05-29','M','337-188-7465','cmiguetp@vinaora.com',4.8,7,2),(27,'Lenard Negal','xxhatechasexx','1985-01-20','M','159-630-2799','lnegalq@blogger.com',4,7,1),(28,'Philippa Buntine','helenply','1980-12-11','F','738-100-0347','pbuntiner@springer.com',4.6,7,2),(29,'Eyde Lantoph','cfoordddd','1993-10-24','F','854-163-9280','elantophs@free.fr',7,9,5),(30,'Philbert Lankham','hood_rad','1976-04-18','M','736-196-7374','plankhamt@mapy.cz',5.6,8,2),(31,'Codi Chillingworth','sweetangie','1991-07-06','M','666-290-8803','cchillingworthu@shop-pro.jp',5,7,3),(32,'Enriqueta Dubble','detestedlove311','1990-04-01','F','964-158-3040','edubblev@hc360.com',5,7,3),(33,'Tamarra Delgadillo','ihasabucket','1984-08-18','F',NULL,'tdelgadillow@ca.gov',3.8,9,1),(34,'Carrol Gathwaite','YunYun_Pachina','1993-03-16','M','466-114-0263','cgathwaitex@adobe.com',4,6,2),(35,'Cassie Heugle','morbid3500','1985-07-06','F','435-324-3950','cheugley@canalblog.com',6.6,9,4),(36,'Brett Bilovus','xTheFallenx','1973-03-01','F','586-174-7236','bbilovusz@jiathis.com',6.4,9,2),(37,'Oona Odam','L-LawlietDN','1972-11-11','F','614-485-5527','oodam10@unc.edu',4.8,9,1),(38,'Corby Macallam','zZKinhoZz','1980-07-24','M','702-886-1216','cmacallam11@time.com',5.8,9,3),(39,'Kahaleel Derrett','xXxToxic94xXx','1980-04-17','M','285-269-9863','kderrett12@oaic.gov.au',4.6,9,1),(40,'Maudie Vlasyev','SaberWolfKaiNi','1974-01-18','F','709-784-1066','mvlasyev13@marriott.com',5.8,9,1),(41,'Glenna McGarvie','glittermilk','1990-08-27','F','740-262-8430','gmcgarvie14@bbb.org',5,8,1),(42,'Monti Mahon','asksam','1973-11-05','M','700-997-2592','mmahon15@jugem.jp',3,5,1),(43,'Olympe Whisby','misumimi','1982-07-19','F','401-820-3577','owhisby16@canalblog.com',6.8,9,4),(44,'Meyer Melody','fluffylonewolf','1987-09-01','M','763-374-3521','mmelody17@theatlantic.com',4.6,9,2),(45,'Petra Bondar','Lithuelle','1986-11-17','F','852-169-8571','pbondar18@delicious.com',6,9,3),(46,'Cyrillus Rapi','scootarski','1979-01-26','M',NULL,'crapi19@altervista.org',5.4,9,3),(47,'Terrel Aguirrezabala','Cheek16','1989-06-29','M','508-659-2259','taguirrezabala1a@wired.com',5,9,1),(48,'Derrik Pressland','bruital-legend','1978-03-20','M','188-545-7343','dpressland1b@privacy.gov.au',3.6,7,1),(49,'Lockwood Bourley','Yukia-Kontan','1975-04-15','M','313-182-8052','lbourley1c@samsung.com',6.6,9,3),(50,'Maudie Duligall','Goudarz','1984-08-12','F','339-217-2524','mduligall1d@wunderground.com',7,9,5),(51,'Althea Steen','Akihara','1986-03-27','F',NULL,'asteen1e@vimeo.com',5.8,9,3),(52,'Rupert Errowe','Tomoki-sama','1991-04-16','M',NULL,'rerrowe1f@freewebs.com',4.2,9,1),(53,'Rodina Floch','Sakurei','1989-08-22','F','264-173-7570','rfloch1g@admin.ch',4,7,1),(54,'Berna Tinham','Johnny_FBI','1977-01-17','F','591-324-1795','btinham1h@boston.com',5,9,2),(55,'Alexine Kyme','raickos','1992-02-25','F','717-719-4810','akyme1i@blogspot.com',5.6,9,1),(56,'Darice Jeroch','josh62','1980-09-28','F',NULL,'djeroch1j@epa.gov',5.6,9,2),(57,'Sebastiano Antao','Spike','1978-07-19','M','789-712-7457','santao1k@google.ru',4.6,7,1),(58,'Delcina Swenson','Perfection_Freak','1983-06-27','F','121-973-8394','dswenson1l@acquirethisname.com',4.6,8,1),(59,'Lyndsey Reims','AAA','1989-12-21','F','933-890-2247','lreims1m@liveinternet.ru',4.8,9,1),(60,'Farley Godart','CarinaLuna','1981-09-12','M','360-477-6044','fgodart1n@ucsd.edu',4,8,1),(61,'Jacinta Narey','K_P','1990-05-22','F',NULL,'jnarey1o@cam.ac.uk',4.2,8,1),(62,'Jo ann Venner','LyannaStark','1972-05-26','F','670-343-0100','jann1p@yahoo.com',5.2,9,2),(63,'Artur Conerding','xXsim00Xx','1995-08-06','M',NULL,'aconerding1q@marriott.com',6.6,9,4),(64,'Cassi Carous','Kyousuke','1981-06-10','F','578-670-1243','ccarous1r@ezinearticles.com',3.8,8,1),(65,'Sheppard Cadd','Redylo','1972-05-13','M',NULL,'scadd1s@themeforest.net',6.4,9,4),(66,'Cammy Trussman','Eab1990','1990-10-11','M','958-185-1836','ctrussman1t@weibo.com',4.4,8,1),(67,'Marjory Laugheran','magedgamed','1983-05-28','F','756-269-8834','mlaugheran1u@craigslist.org',3.4,7,1),(68,'Demott Erett','edwardf','1980-04-02','M','190-868-3137','derett1v@sciencedaily.com',4.2,7,1),(69,'Traci Teresi','diordiah','1976-08-18','F',NULL,'tteresi1w@about.me',5,9,1),(70,'Buiron Silly','saphireninja','1994-08-20','M','773-140-1719','bsilly1x@pcworld.com',4.8,7,2),(71,'Orsa Larder','ShinyShinigami','1988-03-03','F','442-258-7723','olarder1y@ted.com',5.6,9,3),(72,'Yehudi Sponer','Tyricky','1988-12-24','M','643-431-9179','ysponer1z@reference.com',6.6,9,4),(73,'Hurlee Eagland','Chocostars','1985-11-23','M','861-722-3255','heagland20@yandex.ru',5,8,2),(74,'Horacio Berndt','KawaiiChiyo','1994-08-14','M',NULL,'hberndt21@prnewswire.com',4.2,8,1),(75,'Maximilianus Kruschov','Marie7','1981-04-23','M','619-884-8763','mkruschov22@ucoz.com',5.8,9,1),(76,'Sascha Andrasch','Gigikasp','1974-08-26','F','202-958-5708','sandrasch23@blog.com',4.4,9,1),(77,'Bethina Berzin','Unwind','1973-12-31','F','261-121-5376','bberzin24@wikipedia.org',3.8,8,1),(78,'Timothea McKoy','demitel','1989-03-13','F','671-286-1353','tmckoy25@tinyurl.com',6,9,3),(79,'Glyn Ferryn','geauxtiger1','1981-02-12','M','967-494-8329','gferryn26@meetup.com',5.2,9,2),(80,'Rolando Farrants','SenpajBiju','1993-07-08','M','349-139-3196','rfarrants27@weibo.com',5.6,8,2),(81,'Cullie Gahan','Tahretsim','1973-05-17','M','206-737-2033','cgahan28@g.co',5.2,9,2),(82,'Rozelle Joney','saligkaros','1977-07-10','F','837-616-8495','rjoney29@psu.edu',5.2,9,2),(83,'Alfonse Giacomasso','anime_fan_800','1992-10-11','M','226-576-8222','agiacomasso2a@irs.gov',4.6,8,1),(84,'Gorden Petrollo','shiftyichi','1988-07-30','M','142-648-4491','gpetrollo2b@columbia.edu',6,9,3),(85,'Rene Crimpe','LeakoSuzuki','1997-06-12','F','935-710-9389','rcrimpe2c@skype.com',4.2,9,1),(86,'Donalt Conkling','WhatsUpWitches','1997-12-20','M','806-172-2757','dconkling2d@trellian.com',6,9,2),(87,'Idette Bichard','HotDogLoli','1988-11-16','F','953-744-4796','ibichard2e@spotify.com',6.8,9,4),(88,'Gabriel Westhead','Kuba747','1975-07-22','F','521-214-7551','gwesthead2f@nsw.gov.au',5.6,9,1),(89,'Alley Matthewes','Wizzaroo','1990-03-04','M','890-561-1843','amatthewes2g@answers.com',6.2,9,2),(90,'Di Liebmann','IHeartRainbows44','1990-02-20','F','897-464-3233','dliebmann2h@shutterfly.com',4.8,9,1),(91,'Stanley Lawrenz','Tracy_Zski','1975-10-09','M','102-830-2873','slawrenz2i@washingtonpost.com',5.8,9,1),(92,'Terence McCready','pim','1998-03-06','M',NULL,'tmccready2j@geocities.jp',5,8,2),(93,'Zack McCrudden','Keval91','1984-06-26','M','953-404-4014','zmccrudden2k@1und1.de',4.8,8,2),(94,'Mervin O\'Kieran','Vins','1986-08-09','M','923-271-8525','mokieran2l@prlog.org',4,7,1),(95,'Janella Snead','Zrockerstrawhat','1986-10-03','F','559-857-1693','jsnead2m@java.com',4.4,7,1),(96,'Manuel Chazelas','Azula_Yatzugami','1976-08-01','M','496-706-4836','mchazelas2n@webeden.co.uk',4.6,9,1),(97,'Ranice Fitzsimon','Tekiru','1978-08-07','F','295-750-4323','rfitzsimon2o@free.fr',5.8,9,3),(98,'Isidoro Orgee','sharonzili','1992-03-25','M','536-408-2652','iorgee2p@fastcompany.com',3.6,6,1),(99,'Trish Tingley','Seishuku','1973-05-01','F',NULL,'ttingley2q@fotki.com',5.8,9,2),(100,'Wilie Harmour','SynysterKobra','1981-02-26','F','396-809-4945','wharmour2r@php.net',3.6,6,1);
/*!40000 ALTER TABLE `user` ENABLE KEYS */;
UNLOCK TABLES;

--
-- Table structure for table `voice_actor`
--

DROP TABLE IF EXISTS `voice_actor`;
/*!40101 SET @saved_cs_client     = @@character_set_client */;
/*!50503 SET character_set_client = utf8mb4 */;
CREATE TABLE `voice_actor` (
  `VoiceActorId` int NOT NULL AUTO_INCREMENT,
  `Name` varchar(64) NOT NULL,
  `BirthDate` date NOT NULL,
  `Email` varchar(64) DEFAULT NULL,
  `Sex` enum('M','F') NOT NULL,
  PRIMARY KEY (`VoiceActorId`)
) ENGINE=InnoDB AUTO_INCREMENT=60 DEFAULT CHARSET=utf8mb4 COLLATE=utf8mb4_0900_ai_ci;
/*!40101 SET character_set_client = @saved_cs_client */;

--
-- Dumping data for table `voice_actor`
--

LOCK TABLES `voice_actor` WRITE;
/*!40000 ALTER TABLE `voice_actor` DISABLE KEYS */;
INSERT INTO `voice_actor` VALUES (1,'Nakamura, Yuuichi','1980-02-20','nakamura_yuuichi@mail.com','M'),(2,'Hidaka, Rina','1994-06-15','rina_voice_acting@mail.com','F'),(3,'Hanazawa, Kana','1989-02-25','hanazawa_mail@mail.com','F'),(4,'Miyano, Mamoru','1983-06-08','mamoru_miyanol@mail.com','M'),(5,'Sugita, Tomokazu','1980-10-11','Sugi@mail.com','M'),(6,'Nogawa, Sakura','1978-03-01','sakura-nogawa@mail.com','F'),(7,'Mizushima, Takahiro','1976-06-14','Takhiros-mail@gmail.com','M'),(8,'Momoi, Haruko','1977-12-14','haruku77@mail.com','F'),(9,'Fujii, Keisuke','1975-11-27','the_real_keisuke@mail.com','M'),(10,'Yahagi, Sayuri','1986-09-22','actor_sayuri86@mail.com','F'),(11,'Toyosaki, Aki','1986-10-28','aki_actor@mail.com','F'),(12,'Asumi, Kana','1983-08-12','asumi_kana_1983@mail.com','F'),(13,'Kawasumi, Ayako','1976-03-30','kawa76@mail.com','F'),(14,'Koyasu, Takehito','1967-05-05','takehito67@mail.com','M'),(15,'Suwabe, Junichi','1972-03-29','suwabe-actor@mail.com','M'),(16,'Tone, Kentarou','1982-05-29','tone72@mail.com','M'),(17,'Fujiwara, Keiji','1964-10-02','fujiwara_mail@mail.com','M'),(18,'Neya, Michiko','1965-10-04','hiyama65@mail.com','F'),(19,'Hiyama, Nobuyuki','1967-08-25','nobuyuki@mail.com','M'),(20,'Yao, Kazuki','1959-06-17','kazuki_actor@mail.com','M'),(21,'Miki, Shinichiro','1968-03-18','miki68@mail.com','M'),(22,'Kugimiya, Rie','1979-05-30','rie_is_an_actor@mail.com','F'),(23,'Hino, Satoshi','1978-08-04','hino@mail.com','M'),(24,'Itou, Shizuka','1980-12-05','shizuka80@mail.com','F'),(25,'Noto, Mamiko','1980-02-06','noto80@mail.com','F'),(26,'Hanada, Hikaru','1958-09-12','hikaruactor@mail.com','M'),(27,'Sakurai, Takahiro','1974-06-13','takahiro74@mail.com','M'),(28,'Itou, Kentarou','1974-01-03','my.mail.is.cool@mail.com','M'),(29,'Canna, Nobutoshi','1968-06-10','canna68@mail.com','M'),(30,'Kishio, Daisuke','1974-03-28','daisuke@mail.com','M'),(31,'Okamoto, Nobuhiko','1986-10-24','okamoto86@mail.com','M'),(32,'Fujimura, Ayumi','1982-09-03','fujimura_acting@mail.com','F'),(33,'Igarashi, Hiromi','1986-12-13','hiromi.igarashi86@mail.com','F'),(34,'Kobayashi, Yuu','1982-02-05','kobayashi82@mail.com','F'),(35,'Ishihara, Kaori','1993-10-06','ishihara.acting@mail.com','F'),(36,'Namikawa, Daisuke','1976-04-02','daisuke76@mail.com','M'),(37,'Sanpei, Yuuko','1986-02-28','sanpei.is.an.actor@mail.com','F'),(38,'Sawashiro, Miyuki','1985-06-02','sawashiro85@mail.com','F'),(39,'Takeuchi, Junko','1972-04-05','junko@mail.com','F'),(40,'Inoue, Kazuhiko','1954-03-26','inoue54@mail.com','M'),(41,'Sugiyama, Noriaki','1974-03-09','noriaki74@mail.com','M'),(42,'Nakamura, Chie','1979-05-14','nakamura-actor@mail.com','F'),(43,'Ishikawa, Hideo','1969-12-13','hideo@mail.com','M'),(44,'Hayashibara, Megumi','1967-03-30','megumi67@mail.com','F'),(45,'Hidaka, Noriko','1962-05-31','noriko63@mail.com','F'),(46,'Yamadera, Kouichi','1961-06-17','yamadera-actor@mail.com','M'),(47,'Sakuma, Rei','1965-01-05','rei.is.an.actor@mail.com','F'),(48,'Tsuru, Hiromi','1960-03-29','tsuru60@mail.com','F'),(49,'Majima, Junji','1978-05-13','majima.mail@mail.com','F'),(50,'Horie, Yui','1976-09-20','horie-yui@mail.com','F'),(51,'Kitamura, Eri','1987-08-16','kiatmura.actor@mail.com','F'),(52,'Nojima, Hirofumi','1973-04-16','nojima73@mail.com','M'),(53,'Abe, Atsushi','1981-03-25','abe.atsushi@mail.com','M'),(54,'Morita, Masakazu','1972-10-21','morita72@mail.com','M'),(55,'Hayami, Saori','1991-05-29','saori91@mail.com','F'),(56,'Park, Romi','1972-01-22','romi72@mail.com','F'),(57,'Ueda, Kana','1980-06-09','ueda-acting@mail.com','F'),(58,'Yasuda, Miwa','1977-12-06','yasuda77@mail.com','F'),(59,'Naruse, Makoto','1974-11-13','naruse74@mail.com','M');
/*!40000 ALTER TABLE `voice_actor` ENABLE KEYS */;
UNLOCK TABLES;

--
-- Table structure for table `watching`
--

DROP TABLE IF EXISTS `watching`;
/*!40101 SET @saved_cs_client     = @@character_set_client */;
/*!50503 SET character_set_client = utf8mb4 */;
CREATE TABLE `watching` (
  `UserId` int NOT NULL,
  `AnimeID` int NOT NULL,
  PRIMARY KEY (`UserId`,`AnimeID`),
  KEY `AnimeID` (`AnimeID`),
  CONSTRAINT `watching_ibfk_1` FOREIGN KEY (`UserId`) REFERENCES `user` (`UserId`) ON DELETE CASCADE ON UPDATE CASCADE,
  CONSTRAINT `watching_ibfk_2` FOREIGN KEY (`AnimeID`) REFERENCES `anime` (`AnimeId`) ON DELETE CASCADE ON UPDATE CASCADE
) ENGINE=InnoDB DEFAULT CHARSET=utf8mb4 COLLATE=utf8mb4_0900_ai_ci;
/*!40101 SET character_set_client = @saved_cs_client */;

--
-- Dumping data for table `watching`
--

LOCK TABLES `watching` WRITE;
/*!40000 ALTER TABLE `watching` DISABLE KEYS */;
INSERT INTO `watching` VALUES (36,1),(44,1),(48,1),(76,1),(55,2),(25,3),(89,4),(79,5),(83,5),(63,6),(95,6),(27,7),(20,8),(77,8),(22,9),(53,9),(56,9),(68,10),(34,11),(64,11),(21,12),(43,12),(17,13),(51,13),(86,13),(10,14),(30,14),(33,14),(81,14),(88,14),(6,15),(82,15),(15,16),(23,16),(49,16),(80,16),(84,16),(91,17),(59,18),(71,18),(11,19),(32,19),(69,20),(90,20),(96,20),(85,21),(28,22),(70,22),(3,23),(74,23),(24,24),(29,24),(46,25),(72,26),(100,26),(92,28),(35,30),(40,30),(4,32),(65,32),(61,33),(66,33),(75,33),(78,33),(7,34),(8,34),(31,34),(45,34),(13,35),(16,35),(94,35),(12,36),(47,36),(14,37),(50,37),(52,37),(57,37),(60,37),(98,37),(37,38),(39,38),(73,38),(2,39),(5,39),(58,39),(26,40),(97,42),(67,43),(18,44),(62,44),(19,45),(1,46),(9,46),(42,46),(54,46),(38,48),(41,48),(87,49),(93,49),(99,49);
/*!40000 ALTER TABLE `watching` ENABLE KEYS */;
UNLOCK TABLES;
/*!40103 SET TIME_ZONE=@OLD_TIME_ZONE */;

/*!40101 SET SQL_MODE=@OLD_SQL_MODE */;
/*!40014 SET FOREIGN_KEY_CHECKS=@OLD_FOREIGN_KEY_CHECKS */;
/*!40014 SET UNIQUE_CHECKS=@OLD_UNIQUE_CHECKS */;
/*!40101 SET CHARACTER_SET_CLIENT=@OLD_CHARACTER_SET_CLIENT */;
/*!40101 SET CHARACTER_SET_RESULTS=@OLD_CHARACTER_SET_RESULTS */;
/*!40101 SET COLLATION_CONNECTION=@OLD_COLLATION_CONNECTION */;
/*!40111 SET SQL_NOTES=@OLD_SQL_NOTES */;

-- Dump completed on 2021-04-09 22:01:29
